Estacion;Mes;Frecuencia de días con Precipitación superior a 1.0 mm;Humedad (%);Nubosidad (octavos);Precipitación (mm);Temp Media (°C);Temp Máx (°C);Temp Mín (°C);Velocidad del Viento (km/h) (2011-2020)
AEROPARQUE AERO;Ene;6.7;67.0;3.1;117.5;24.5;28.4;20.8;16.8
AEROPARQUE AERO;Feb;6.0;69.8;3.2;112.3;23.7;27.3;20.2;15.8
AEROPARQUE AERO;Mar;5.9;71.3;3.1;111.8;22.0;25.5;18.8;14.9
AEROPARQUE AERO;Abr;6.6;73.6;3.5;108.3;18.5;22.0;15.3;13.9
AEROPARQUE AERO;May;5.0;76.4;4.0;83.3;15.2;18.4;12.3;12.9
AEROPARQUE AERO;Jun;4.5;76.3;4.2;54.6;12.3;15.5;9.4;12.2
AEROPARQUE AERO;Jul;5.0;75.5;4.1;64.3;11.3;14.4;8.4;13.2
AEROPARQUE AERO;Ago;5.0;73.6;3.9;61.5;12.9;16.5;9.7;14.0
AEROPARQUE AERO;Sep;5.5;71.1;3.8;72.6;14.7;18.3;11.5;16.6
AEROPARQUE AERO;Oct;7.5;70.6;3.9;104.7;17.7;21.1;14.3;17.2
AEROPARQUE AERO;Nov;6.8;67.0;3.5;103.2;20.6;24.5;16.8;17.1
AEROPARQUE AERO;Dic;6.6;65.1;3.2;112.8;23.2;27.4;19.2;15.9
AZUL AERO*;Ene;6.5;65.5;3.3;103.8;21.6;29.5;14.0;
AZUL AERO*;Feb;5.8;72.1;3.4;101.6;20.3;27.9;13.3;
AZUL AERO*;Mar;7.3;76.6;3.4;113.9;17.8;25.1;11.3;
AZUL AERO*;Abr;6.0;77.9;3.5;90.6;14.0;21.1;7.9;
AZUL AERO*;May;4.6;81.4;4.1;55.7;10.5;17.1;5.2;
AZUL AERO*;Jun;3.4;80.5;4.2;37.1;7.5;13.8;2.4;
AZUL AERO*;Jul;4.3;79.7;4.2;40.8;6.9;13.2;1.8;
AZUL AERO*;Ago;4.0;75.3;4.0;59.2;8.6;15.6;3.0;
AZUL AERO*;Sep;4.9;73.1;3.9;67.5;10.7;17.6;4.4;
AZUL AERO*;Oct;7.1;74.1;4.0;92.0;14.0;20.6;7.6;
AZUL AERO*;Nov;6.9;69.5;3.6;97.9;17.2;24.4;10.1;
AZUL AERO*;Dic;5.9;63.5;3.2;75.4;20.3;28.1;12.5;
BAHÍA BLANCA AERO;Ene;5.6;53.0;3.1;66.2;23.6;31.2;16.3;21.6
BAHÍA BLANCA AERO;Feb;5.2;59.4;2.9;69.4;22.1;29.6;15.2;18.6
BAHÍA BLANCA AERO;Mar;6.0;65.3;3.1;70.6;19.6;27.0;13.4;18.0
BAHÍA BLANCA AERO;Abr;5.1;69.9;3.5;53.2;15.1;22.0;9.4;15.9
BAHÍA BLANCA AERO;May;4.2;75.2;4.0;41.5;11.4;17.7;6.4;15.5
BAHÍA BLANCA AERO;Jun;4.0;73.4;4.1;32.6;8.4;14.5;3.5;17.4
BAHÍA BLANCA AERO;Jul;3.8;72.3;4.0;32.4;7.6;13.9;2.4;16.6
BAHÍA BLANCA AERO;Ago;3.5;67.0;3.9;31.7;9.6;16.5;4.1;18.8
BAHÍA BLANCA AERO;Sep;4.5;65.2;3.8;45.0;11.8;18.9;5.6;18.3
BAHÍA BLANCA AERO;Oct;6.7;64.9;3.8;69.5;15.0;22.1;8.5;18.3
BAHÍA BLANCA AERO;Nov;5.8;58.1;3.5;62.3;18.7;26.0;11.6;19.2
BAHÍA BLANCA AERO;Dic;5.3;52.0;3.2;64.7;22.0;29.7;14.5;20.5
BARILOCHE AERO;Ene;2.5;51.9;2.8;23.6;15.4;23.2;7.0;22.2
BARILOCHE AERO;Feb;2.5;53.3;2.7;17.5;15.0;23.1;6.6;18.9
BARILOCHE AERO;Mar;4.1;60.2;3.3;29.4;12.1;20.1;4.9;17.9
BARILOCHE AERO;Abr;6.2;68.2;4.0;57.1;8.1;15.0;2.4;16.9
BARILOCHE AERO;May;10.2;76.0;4.9;113.7;5.2;10.6;1.0;16.1
BARILOCHE AERO;Jun;13.3;79.1;5.4;168.3;3.0;7.2;-0.5;19.1
BARILOCHE AERO;Jul;11.6;78.0;5.0;126.4;2.1;6.7;-1.6;17.0
BARILOCHE AERO;Ago;11.4;74.9;4.9;117.3;3.1;8.4;-1.0;18.5
BARILOCHE AERO;Sep;6.5;66.9;4.1;55.4;5.2;11.6;-0.1;19.1
BARILOCHE AERO;Oct;6.0;61.5;4.0;48.7;7.9;14.7;1.7;20.5
BARILOCHE AERO;Nov;4.0;56.6;3.7;30.1;10.9;17.9;3.9;23.7
BARILOCHE AERO;Dic;3.5;53.6;3.3;25.0;13.5;20.7;5.9;24.7
BASE BELGRANO II;Ene;;;5.4;;-2.6;0.7;-6.1;
BASE BELGRANO II;Feb;;;5.0;;-7.1;-3.5;-11.1;
BASE BELGRANO II;Mar;;;4.8;;-12.3;-9.1;-16.5;
BASE BELGRANO II;Abr;;;4.4;;-16.4;-13.2;-20.5;
BASE BELGRANO II;May;;;4.0;;-17.5;-14.1;-21.6;
BASE BELGRANO II;Jun;;;3.9;;-18.9;-15.7;-23.0;
BASE BELGRANO II;Jul;;;4.1;;-20.9;-17.5;-25.0;
BASE BELGRANO II;Ago;;;4.3;;-20.7;-17.1;-24.9;
BASE BELGRANO II;Sep;;;4.7;;-18.4;-14.9;-22.8;
BASE BELGRANO II;Oct;;;4.8;;-14.1;-10.2;-18.8;
BASE BELGRANO II;Nov;;;5.0;;-7.0;-3.2;-11.5;
BASE BELGRANO II;Dic;;;4.9;;-2.7;0.8;-6.8;
BASE CARLINI (EX JÚBANY);Ene;;84.9;7.1;;2.2;4.3;0.4;
BASE CARLINI (EX JÚBANY);Feb;;85.4;7.0;;2.0;3.9;0.2;
BASE CARLINI (EX JÚBANY);Mar;;86.8;6.9;;0.9;2.9;-1.2;
BASE CARLINI (EX JÚBANY);Abr;;;6.8;;-1.2;0.9;-3.4;
BASE CARLINI (EX JÚBANY);May;;;6.5;;-2.8;-0.4;-5.3;
BASE CARLINI (EX JÚBANY);Jun;;;6.4;;-5.2;-2.5;-8.1;
BASE CARLINI (EX JÚBANY);Jul;;;6.4;;-5.8;-3.0;-9.0;
BASE CARLINI (EX JÚBANY);Ago;;;6.6;;-5.3;-2.6;-8.3;
BASE CARLINI (EX JÚBANY);Sep;;;6.7;;-3.7;-1.2;-6.5;
BASE CARLINI (EX JÚBANY);Oct;;;6.9;;-1.9;0.2;-4.2;
BASE CARLINI (EX JÚBANY);Nov;;87.6;7.0;;-0.2;1.7;-2.2;
BASE CARLINI (EX JÚBANY);Dic;;84.7;7.0;;1.2;3.2;-0.6;
BASE ESPERANZA;Ene;;80.1;6.3;;1.5;4.3;-1.2;
BASE ESPERANZA;Feb;;79.5;6.0;;0.9;3.9;-2.0;
BASE ESPERANZA;Mar;;;5.9;;-2.0;1.4;-5.2;
BASE ESPERANZA;Abr;;;5.7;;-5.5;-1.7;-8.9;
BASE ESPERANZA;May;;;5.4;;-7.4;-3.2;-11.2;
BASE ESPERANZA;Jun;;;5.3;;-10.4;-6.2;-14.1;
BASE ESPERANZA;Jul;;;5.1;;-10.8;-6.4;-15.0;
BASE ESPERANZA;Ago;;;5.3;;-9.5;-5.1;-13.7;
BASE ESPERANZA;Sep;;;5.5;;-6.9;-2.6;-10.9;
BASE ESPERANZA;Oct;;;5.8;;-4.1;-0.2;-7.8;
BASE ESPERANZA;Nov;;;6.0;;-0.9;2.3;-3.9;
BASE ESPERANZA;Dic;;79.4;6.0;;0.8;3.8;-1.8;
BASE MARAMBIO;Ene;;90.2;6.6;;-0.8;1.7;-3.0;
BASE MARAMBIO;Feb;;;6.4;;-1.8;1.0;-4.2;
BASE MARAMBIO;Mar;;;6.1;;-5.5;-2.1;-8.6;
BASE MARAMBIO;Abr;;;5.7;;-10.0;-6.1;-13.7;
BASE MARAMBIO;May;;;5.0;;-11.9;-7.4;-16.1;
BASE MARAMBIO;Jun;;;5.1;;-14.9;-10.7;-18.7;
BASE MARAMBIO;Jul;;;4.8;;-14.9;-10.3;-19.3;
BASE MARAMBIO;Ago;;;5.0;;-13.8;-9.3;-18.1;
BASE MARAMBIO;Sep;;;5.3;;-10.6;-6.1;-14.8;
BASE MARAMBIO;Oct;;;5.7;;-7.3;-3.6;-11.0;
BASE MARAMBIO;Nov;;;6.2;;-3.4;-0.4;-6.2;
BASE MARAMBIO;Dic;;88.4;6.3;;-1.3;1.3;-3.7;
BASE ORCADAS;Ene;;87.1;7.5;;1.3;3.6;-0.7;19.2
BASE ORCADAS;Feb;;87.2;7.4;;1.4;3.4;-0.4;23.0
BASE ORCADAS;Mar;;88.0;7.2;;0.3;2.4;-1.6;23.4
BASE ORCADAS;Abr;;;7.2;;-1.8;0.4;-4.1;23.5
BASE ORCADAS;May;;;6.8;;-5.0;-2.0;-8.1;21.5
BASE ORCADAS;Jun;;;6.6;;-7.5;-3.9;-11.3;20.4
BASE ORCADAS;Jul;;;6.2;;-9.4;-5.3;-14.1;21.6
BASE ORCADAS;Ago;;;6.3;;-8.1;-4.1;-12.4;22.9
BASE ORCADAS;Sep;;;6.6;;-5.6;-2.0;-9.8;23.9
BASE ORCADAS;Oct;;;7.1;;-2.7;0.6;-6.0;21.6
BASE ORCADAS;Nov;;;7.2;;-0.6;2.5;-3.2;20.6
BASE ORCADAS;Dic;;86.5;7.3;;0.5;3.0;-1.7;18.3
BASE SAN MARTÍN;Ene;;71.2;6.3;;1.9;4.5;-0.5;
BASE SAN MARTÍN;Feb;;74.6;6.5;;1.0;3.5;-1.3;
BASE SAN MARTÍN;Mar;;;6.4;;-0.8;1.7;-3.5;
BASE SAN MARTÍN;Abr;;;6.1;;-2.9;-0.5;-5.5;
BASE SAN MARTÍN;May;;;5.9;;-4.8;-2.0;-7.8;
BASE SAN MARTÍN;Jun;;;5.2;;-8.9;-5.5;-13.0;
BASE SAN MARTÍN;Jul;;;5.4;;-11.5;-7.3;-16.1;
BASE SAN MARTÍN;Ago;;;5.8;;-11.2;-6.7;-16.3;
BASE SAN MARTÍN;Sep;;;6.2;;-9.0;-4.8;-14.1;
BASE SAN MARTÍN;Oct;;;6.5;;-5.3;-1.6;-9.6;
BASE SAN MARTÍN;Nov;;;6.3;;-1.8;1.5;-5.4;
BASE SAN MARTÍN;Dic;;73.2;6.2;;0.8;3.5;-2.0;
BERNARDO DE IRIGOYEN AERO;Ene;11.9;77.6;5.3;207.1;22.9;28.1;19.0;
BERNARDO DE IRIGOYEN AERO;Feb;11.0;78.6;5.2;189.1;22.6;27.6;18.8;
BERNARDO DE IRIGOYEN AERO;Mar;10.1;77.9;4.8;181.0;21.7;26.9;17.9;
BERNARDO DE IRIGOYEN AERO;Abr;7.7;77.7;4.5;173.9;19.6;24.4;15.9;
BERNARDO DE IRIGOYEN AERO;May;8.6;79.0;4.7;196.1;16.2;20.6;12.9;
BERNARDO DE IRIGOYEN AERO;Jun;8.6;79.8;4.8;185.5;15.2;19.3;11.9;
BERNARDO DE IRIGOYEN AERO;Jul;7.8;74.5;4.4;135.2;14.9;19.6;11.2;
BERNARDO DE IRIGOYEN AERO;Ago;6.5;67.4;4.0;106.4;16.9;22.1;12.8;
BERNARDO DE IRIGOYEN AERO;Sep;9.1;70.4;4.4;198.1;18.0;23.3;13.8;
BERNARDO DE IRIGOYEN AERO;Oct;12.0;75.3;5.0;277.9;19.8;25.0;15.6;
BERNARDO DE IRIGOYEN AERO;Nov;8.9;72.1;4.7;194.8;21.0;26.3;16.5;
BERNARDO DE IRIGOYEN AERO;Dic;11.0;75.2;5.1;204.5;22.5;27.5;18.3;
BOLÍVAR AERO;Ene;7.0;68.5;3.3;113.8;22.3;29.6;15.0;
BOLÍVAR AERO;Feb;6.0;73.8;3.4;106.0;21.0;28.3;14.1;
BOLÍVAR AERO;Mar;6.5;77.2;3.3;133.0;18.8;26.1;12.3;
BOLÍVAR AERO;Abr;6.9;78.5;3.6;106.7;14.8;22.0;9.2;
BOLÍVAR AERO;May;4.6;81.8;4.1;58.7;11.4;17.8;6.2;
BOLÍVAR AERO;Jun;3.8;81.2;4.2;37.8;8.3;14.6;3.1;
BOLÍVAR AERO;Jul;3.9;79.8;4.2;35.4;7.3;13.8;2.0;
BOLÍVAR AERO;Ago;3.5;75.0;3.9;41.2;9.4;16.6;3.6;
BOLÍVAR AERO;Sep;5.1;72.9;3.9;68.2;11.8;18.8;5.6;
BOLÍVAR AERO;Oct;8.0;73.7;4.1;118.9;15.2;21.7;8.9;
BOLÍVAR AERO;Nov;7.5;69.0;3.6;94.8;18.4;25.3;11.4;
BOLÍVAR AERO;Dic;7.2;66.0;3.3;103.6;21.2;28.6;13.7;
BUENOS AIRES OBSERVATORIO;Ene;7.5;64.6;3.2;134.4;24.9;30.1;20.2;8.9
BUENOS AIRES OBSERVATORIO;Feb;6.8;69.1;3.2;129.3;23.8;28.9;19.4;8.3
BUENOS AIRES OBSERVATORIO;Mar;6.7;72.0;3.2;120.0;22.0;27.0;17.7;7.6
BUENOS AIRES OBSERVATORIO;Abr;7.1;75.6;3.6;130.3;18.2;23.2;14.1;7.2
BUENOS AIRES OBSERVATORIO;May;5.2;78.7;4.1;93.5;14.8;19.4;11.1;7.1
BUENOS AIRES OBSERVATORIO;Jun;4.9;78.2;4.3;61.5;12.0;16.4;8.4;7.2
BUENOS AIRES OBSERVATORIO;Jul;5.6;77.0;4.2;74.4;11.0;15.5;7.5;7.7
BUENOS AIRES OBSERVATORIO;Ago;4.9;72.6;4.0;70.3;13.0;17.9;8.9;8.4
BUENOS AIRES OBSERVATORIO;Sep;5.8;69.5;3.9;80.6;14.9;19.7;10.6;9.2
BUENOS AIRES OBSERVATORIO;Oct;7.9;69.4;4.0;122.9;17.9;22.6;13.4;9.5
BUENOS AIRES OBSERVATORIO;Nov;7.2;65.3;3.6;117.6;20.9;26.0;16.1;9.6
BUENOS AIRES OBSERVATORIO;Dic;6.9;62.8;3.2;122.8;23.6;29.0;18.5;9.1
CATAMARCA AERO;Ene;7.0;55.0;3.5;80.9;27.8;34.5;21.9;22.0
CATAMARCA AERO;Feb;6.0;59.1;3.5;73.8;26.4;33.0;20.8;19.8
CATAMARCA AERO;Mar;5.1;62.5;3.3;50.1;24.6;31.3;19.2;18.9
CATAMARCA AERO;Abr;4.1;65.0;3.4;31.1;20.7;27.6;15.0;15.5
CATAMARCA AERO;May;2.2;66.5;3.5;12.7;16.2;23.4;10.3;13.0
CATAMARCA AERO;Jun;1.2;65.3;3.3;7.0;12.2;20.2;5.6;11.5
CATAMARCA AERO;Jul;1.1;56.4;2.7;4.1;11.7;20.3;4.5;12.4
CATAMARCA AERO;Ago;0.6;44.7;2.4;2.9;15.8;24.3;7.7;16.6
CATAMARCA AERO;Sep;1.3;40.5;2.5;5.6;19.8;27.7;12.2;19.1
CATAMARCA AERO;Oct;3.0;44.4;3.0;24.4;23.7;30.8;16.9;21.7
CATAMARCA AERO;Nov;4.3;47.0;3.0;45.1;26.0;32.8;19.6;24.0
CATAMARCA AERO;Dic;6.3;50.2;3.1;73.4;27.6;34.6;21.3;23.6
CERES AERO;Ene;7.0;70.8;3.2;140.0;25.5;32.3;19.4;
CERES AERO;Feb;6.5;74.8;3.2;116.8;24.3;31.1;18.6;
CERES AERO;Mar;6.8;77.0;3.3;147.3;22.5;29.3;17.0;
CERES AERO;Abr;5.9;79.7;3.7;101.1;19.1;25.5;14.1;
CERES AERO;May;3.3;80.8;4.1;39.7;15.5;22.0;10.7;
CERES AERO;Jun;2.3;79.9;4.1;18.8;12.7;19.4;7.8;
CERES AERO;Jul;1.3;74.9;3.4;8.4;11.6;19.1;6.1;
CERES AERO;Ago;1.4;68.3;3.0;12.0;14.0;22.2;7.5;
CERES AERO;Sep;3.3;66.2;3.2;31.3;16.7;24.5;10.1;
CERES AERO;Oct;5.9;68.6;3.7;80.5;20.0;27.1;13.7;
CERES AERO;Nov;6.8;68.1;3.1;106.4;22.4;29.3;15.9;
CERES AERO;Dic;7.4;69.3;3.2;140.9;24.6;31.4;18.1;
CHAMICAL AERO;Ene;5.8;58.3;3.5;93.4;27.0;33.8;20.6;8.4
CHAMICAL AERO;Feb;5.3;62.6;3.7;88.3;25.3;31.9;19.5;6.9
CHAMICAL AERO;Mar;5.2;67.3;3.7;67.2;23.2;29.5;18.0;6.2
CHAMICAL AERO;Abr;3.1;69.0;3.8;27.6;19.3;25.6;14.3;5.0
CHAMICAL AERO;May;1.9;70.3;3.9;10.2;15.2;21.4;10.2;4.3
CHAMICAL AERO;Jun;0.7;68.2;3.5;3.4;11.8;18.6;6.5;4.1
CHAMICAL AERO;Jul;0.6;60.2;2.7;3.2;11.0;18.7;5.0;4.1
CHAMICAL AERO;Ago;0.4;49.7;2.2;2.7;14.3;22.4;7.5;6.0
CHAMICAL AERO;Sep;1.4;46.5;2.5;7.8;18.1;25.7;10.9;8.2
CHAMICAL AERO;Oct;2.5;48.3;2.9;28.1;22.1;29.3;15.0;10.1
CHAMICAL AERO;Nov;4.0;50.7;3.1;45.5;24.6;31.8;17.8;9.9
CHAMICAL AERO;Dic;5.6;53.5;3.2;82.7;26.6;33.8;19.6;8.8
CHILECITO AERO;Ene;;59.3;3.6;;25.7;33.7;19.1;
CHILECITO AERO;Feb;3.6;62.0;3.6;32.0;24.4;32.0;17.7;
CHILECITO AERO;Mar;;65.3;3.4;;22.3;29.9;16.2;
CHILECITO AERO;Abr;1.7;;3.1;11.7;18.1;25.5;11.8;
CHILECITO AERO;May;0.8;68.5;3.1;3.7;13.6;21.0;6.8;
CHILECITO AERO;Jun;0.3;65.3;2.7;1.2;10.3;18.3;2.7;
CHILECITO AERO;Jul;0.6;61.4;2.1;2.3;9.5;18.0;1.5;
CHILECITO AERO;Ago;;53.7;1.9;;13.1;21.6;3.9;
CHILECITO AERO;Sep;0.4;51.0;2.0;2.2;16.6;25.0;7.8;
CHILECITO AERO;Oct;0.8;52.6;2.5;5.4;20.7;28.7;12.6;
CHILECITO AERO;Nov;;54.3;2.8;;23.2;31.7;16.1;
CHILECITO AERO;Dic;;55.3;3.0;;25.6;33.7;18.4;
COMODORO RIVADAVIA AERO;Ene;1.6;39.0;4.2;10.7;19.8;26.3;13.5;23.2
COMODORO RIVADAVIA AERO;Feb;2.3;44.8;4.2;17.3;18.8;25.1;12.8;20.4
COMODORO RIVADAVIA AERO;Mar;3.0;48.4;4.2;27.7;16.5;22.7;11.0;18.1
COMODORO RIVADAVIA AERO;Abr;2.6;51.0;4.1;31.8;13.3;18.8;8.5;18.5
COMODORO RIVADAVIA AERO;May;3.8;57.8;4.5;33.5;10.0;14.6;5.7;18.0
COMODORO RIVADAVIA AERO;Jun;4.2;59.0;4.5;37.2;7.3;11.3;3.3;20.6
COMODORO RIVADAVIA AERO;Jul;3.3;57.9;4.4;21.4;6.7;11.0;2.7;18.6
COMODORO RIVADAVIA AERO;Ago;3.3;54.3;4.5;19.3;8.2;13.1;3.9;20.0
COMODORO RIVADAVIA AERO;Sep;3.6;51.8;4.5;19.8;10.2;15.6;5.2;19.3
COMODORO RIVADAVIA AERO;Oct;2.5;46.3;4.5;12.6;13.1;18.9;7.4;19.5
COMODORO RIVADAVIA AERO;Nov;2.4;41.9;4.5;14.3;15.9;22.2;9.9;22.6
COMODORO RIVADAVIA AERO;Dic;2.1;39.8;4.5;12.5;18.3;24.7;12.2;24.4
CONCORDIA AERO;Ene;6.8;65.4;2.9;140.1;25.6;31.9;19.5;
CONCORDIA AERO;Feb;7.1;70.6;3.1;152.7;24.4;30.4;18.9;
CONCORDIA AERO;Mar;7.0;73.2;2.9;136.4;22.6;28.6;17.2;
CONCORDIA AERO;Abr;7.7;77.3;3.3;173.2;19.0;24.8;14.0;
CONCORDIA AERO;May;6.2;81.5;3.8;111.5;15.4;20.8;10.9;
CONCORDIA AERO;Jun;5.1;81.6;4.0;86.3;13.0;18.2;8.5;
CONCORDIA AERO;Jul;4.3;78.5;3.7;55.3;12.1;17.8;7.4;
CONCORDIA AERO;Ago;4.9;73.7;3.4;74.8;14.1;20.5;8.7;
CONCORDIA AERO;Sep;5.8;71.6;3.5;89.6;16.1;22.3;10.5;
CONCORDIA AERO;Oct;8.1;71.7;3.6;161.6;19.1;24.9;13.5;
CONCORDIA AERO;Nov;6.7;66.3;3.0;134.6;21.8;27.9;15.6;
CONCORDIA AERO;Dic;7.3;64.6;2.9;151.9;24.2;30.5;17.9;
CORONEL PRINGLES AERO*;Ene;6.4;61.5;3.3;73.9;21.5;29.3;13.7;10.8
CORONEL PRINGLES AERO*;Feb;6.4;68.7;3.5;91.5;19.9;27.5;13.0;9.3
CORONEL PRINGLES AERO*;Mar;6.6;74.4;3.5;81.9;17.5;24.9;11.0;9.1
CORONEL PRINGLES AERO*;Abr;5.6;76.1;3.7;62.9;13.2;20.4;7.3;8.0
CORONEL PRINGLES AERO*;May;4.6;79.5;4.3;37.9;9.9;16.4;4.8;8.3
CORONEL PRINGLES AERO*;Jun;3.3;77.5;4.2;22.5;7.1;13.3;1.9;10.2
CORONEL PRINGLES AERO*;Jul;4.1;76.4;4.3;37.0;6.2;12.5;1.1;9.7
CORONEL PRINGLES AERO*;Ago;4.1;72.9;4.1;38.3;7.8;14.9;2.2;10.3
CORONEL PRINGLES AERO*;Sep;5.5;71.4;4.1;50.6;10.1;17.2;3.5;10.0
CORONEL PRINGLES AERO*;Oct;7.6;71.5;4.2;93.2;13.4;20.0;6.8;9.8
CORONEL PRINGLES AERO*;Nov;6.8;65.6;3.7;82.4;17.0;24.3;9.4;10.6
CORONEL PRINGLES AERO*;Dic;6.9;61.2;3.4;81.2;20.2;28.1;12.0;11.5
CORONEL SUÁREZ AERO;Ene;6.8;;;93.5;;29.0;13.8;
CORONEL SUÁREZ AERO;Mar;6.4;75.0;3.5;92.3;17.7;25.1;11.0;
CORONEL SUÁREZ AERO;Abr;5.3;77.1;3.8;69.4;13.3;20.6;7.1;
CORONEL SUÁREZ AERO;May;4.1;81.5;4.4;45.3;9.7;16.4;4.3;
CORONEL SUÁREZ AERO;Jun;2.7;80.1;4.4;24.1;6.8;13.2;1.4;
CORONEL SUÁREZ AERO;Jul;3.1;;;30.0;;12.5;0.4;
CORONEL SUÁREZ AERO;Ago;3.4;73.0;4.1;35.2;7.9;15.2;1.5;
CORONEL SUÁREZ AERO;Sep;5.0;71.5;4.0;51.4;10.3;17.6;3.5;
CORONEL SUÁREZ AERO;Oct;7.0;72.0;4.2;94.2;13.5;20.3;6.6;
CORONEL SUÁREZ AERO;Nov;6.6;65.6;3.8;74.0;16.9;24.3;9.4;
CORONEL SUÁREZ AERO;Dic;6.8;60.9;3.6;83.4;20.2;27.9;12.1;
CORRIENTES AERO;Ene;7.6;71.6;3.5;179.5;26.9;33.0;21.6;11.6
CORRIENTES AERO;Feb;7.3;74.1;3.6;152.2;26.1;32.0;21.1;11.4
CORRIENTES AERO;Mar;7.1;76.6;3.3;155.2;24.5;30.5;19.7;11.2
CORRIENTES AERO;Abr;7.2;78.8;3.6;170.8;21.6;27.3;17.2;10.3
CORRIENTES AERO;May;5.5;80.3;3.9;87.8;18.0;23.4;13.7;10.7
CORRIENTES AERO;Jun;4.5;80.4;4.3;65.3;16.1;21.4;12.0;10.7
CORRIENTES AERO;Jul;3.6;75.2;3.7;32.2;15.2;21.2;10.4;11.2
CORRIENTES AERO;Ago;3.1;70.0;3.2;40.3;17.1;23.8;11.6;13.7
CORRIENTES AERO;Sep;5.2;68.5;3.6;60.3;19.1;25.8;13.6;13.8
CORRIENTES AERO;Oct;8.3;72.1;3.8;153.8;22.1;28.1;16.8;14.5
CORRIENTES AERO;Nov;8.1;70.7;3.2;184.8;23.8;29.7;18.0;13.0
CORRIENTES AERO;Dic;7.6;71.2;3.5;172.9;26.0;31.9;20.5;12.2
CÓRDOBA AERO;Ene;8.5;68.1;3.8;121.9;23.5;29.9;17.5;12.6
CÓRDOBA AERO;Feb;7.9;74.0;3.9;140.2;22.0;28.2;16.5;11.3
CÓRDOBA AERO;Mar;7.3;75.1;3.8;116.9;20.5;27.0;15.1;11.5
CÓRDOBA AERO;Abr;5.2;73.1;4.0;65.3;17.3;24.1;11.9;11.1
CÓRDOBA AERO;May;3.2;73.5;4.3;24.4;13.7;20.6;8.4;11.0
CÓRDOBA AERO;Jun;0.9;69.4;3.7;6.6;10.6;18.3;4.7;11.4
CÓRDOBA AERO;Jul;1.1;63.5;3.4;6.0;9.8;17.7;3.7;11.9
CÓRDOBA AERO;Ago;0.7;55.4;3.0;8.5;12.4;20.8;5.5;14.1
CÓRDOBA AERO;Sep;3.2;55.0;3.3;32.6;15.2;23.0;8.1;14.9
CÓRDOBA AERO;Oct;5.4;60.5;3.8;71.5;18.3;25.4;11.6;14.8
CÓRDOBA AERO;Nov;8.1;60.9;3.7;115.9;20.9;28.0;14.2;15.2
CÓRDOBA AERO;Dic;8.6;63.3;3.7;146.5;22.9;29.7;16.6;14.4
CÓRDOBA OBSERVATORIO;Ene;8.8;65.1;3.5;121.6;24.7;31.2;18.9;8.5
CÓRDOBA OBSERVATORIO;Feb;8.4;70.5;3.7;126.6;23.2;29.4;17.8;7.7
CÓRDOBA OBSERVATORIO;Mar;7.6;71.9;3.6;99.9;21.8;28.1;16.5;7.6
CÓRDOBA OBSERVATORIO;Abr;5.6;72.0;3.9;61.2;18.4;25.0;13.3;6.9
CÓRDOBA OBSERVATORIO;May;3.3;73.6;4.1;20.7;14.7;21.3;9.9;6.0
CÓRDOBA OBSERVATORIO;Jun;1.0;71.1;3.6;6.7;11.6;19.0;6.4;5.9
CÓRDOBA OBSERVATORIO;Jul;1.3;65.8;3.2;6.7;10.8;18.4;5.5;6.5
CÓRDOBA OBSERVATORIO;Ago;1.0;55.7;2.8;8.0;13.5;21.5;7.4;7.6
CÓRDOBA OBSERVATORIO;Sep;3.1;55.8;3.2;33.7;16.2;23.8;10.0;8.5
CÓRDOBA OBSERVATORIO;Oct;5.9;59.4;3.6;76.9;19.4;26.3;13.4;8.9
CÓRDOBA OBSERVATORIO;Nov;8.3;59.6;3.5;109.7;22.1;29.1;15.8;9.3
CÓRDOBA OBSERVATORIO;Dic;9.6;61.3;3.5;143.9;24.2;31.0;18.1;9.0
DOLORES AERO;Ene;6.6;72.7;3.2;109.2;21.8;28.5;15.4;
DOLORES AERO;Feb;6.5;76.5;3.1;94.2;21.0;27.5;14.9;
DOLORES AERO;Mar;6.8;79.5;3.0;96.3;19.0;25.6;13.2;
DOLORES AERO;Abr;6.7;82.0;3.3;99.4;15.2;21.8;9.9;
DOLORES AERO;May;5.1;84.7;3.7;58.7;11.8;17.9;7.1;
DOLORES AERO;Jun;5.1;85.2;4.0;62.1;8.8;14.5;4.3;
DOLORES AERO;Jul;5.4;84.7;4.0;62.1;8.0;13.6;3.8;
DOLORES AERO;Ago;5.0;81.8;3.8;73.2;10.0;15.9;5.3;
DOLORES AERO;Sep;5.6;79.6;3.8;64.3;11.9;17.7;6.7;
DOLORES AERO;Oct;7.4;78.0;4.0;93.9;14.9;20.7;9.7;
DOLORES AERO;Nov;7.0;74.5;3.5;91.4;17.8;24.0;11.9;
DOLORES AERO;Dic;6.5;71.1;3.2;81.8;20.5;27.3;13.9;
EL BOLSÓN AERO*;Ene;3.8;59.3;3.3;34.7;17.4;25.7;7.9;5.9
EL BOLSÓN AERO*;Feb;4.0;65.1;3.1;30.8;16.3;25.7;7.7;5.8
EL BOLSÓN AERO*;Mar;5.1;71.4;3.7;33.1;12.9;22.2;5.8;4.5
EL BOLSÓN AERO*;Abr;7.5;78.3;4.2;73.7;9.3;16.9;3.5;3.9
EL BOLSÓN AERO*;May;10.8;82.3;5.0;109.7;6.4;12.3;1.8;4.9
EL BOLSÓN AERO*;Jun;13.6;83.3;5.6;173.1;4.2;9.0;0.3;5.8
EL BOLSÓN AERO*;Jul;12.6;83.8;5.3;130.9;3.6;8.8;-0.4;5.0
EL BOLSÓN AERO*;Ago;12.9;79.8;5.2;135.2;4.9;11.0;0.5;6.1
EL BOLSÓN AERO*;Sep;7.3;72.8;4.5;55.3;7.1;14.5;1.2;5.6
EL BOLSÓN AERO*;Oct;6.9;67.6;4.4;51.3;10.3;17.7;3.3;7.6
EL BOLSÓN AERO*;Nov;5.8;62.8;4.3;44.4;13.1;20.5;5.0;7.7
EL BOLSÓN AERO*;Dic;4.2;59.2;3.8;33.4;16.3;23.7;6.8;7.1
EL CALAFATE AERO*;Ene;1.4;46.6;4.6;6.9;13.9;19.1;7.2;23.2
EL CALAFATE AERO*;Feb;2.3;51.3;4.4;13.7;13.6;19.2;6.8;20.6
EL CALAFATE AERO*;Mar;2.6;58.3;4.5;16.7;10.9;16.6;4.7;18.1
EL CALAFATE AERO*;Abr;3.3;66.1;4.3;19.5;7.1;12.9;1.1;15.6
EL CALAFATE AERO*;May;3.8;75.1;4.5;20.3;3.4;8.7;-1.7;11.8
EL CALAFATE AERO*;Jun;3.6;78.4;4.6;14.6;1.0;5.5;-3.7;12.9
EL CALAFATE AERO*;Jul;3.0;78.3;4.5;13.6;0.6;5.2;-4.4;11.7
EL CALAFATE AERO*;Ago;3.4;75.3;4.4;14.2;2.0;6.9;-2.8;13.6
EL CALAFATE AERO*;Sep;2.4;64.0;4.3;11.4;5.2;11.1;-0.8;16.0
EL CALAFATE AERO*;Oct;2.1;54.9;4.4;13.5;8.0;13.5;1.3;18.9
EL CALAFATE AERO*;Nov;1.5;49.9;4.5;6.9;10.7;15.8;4.0;23.9
EL CALAFATE AERO*;Dic;2.0;48.1;4.8;9.5;12.8;17.9;6.2;24.4
EL PALOMAR AERO;Ene;6.6;66.7;3.2;115.9;24.1;;;12.0
EL PALOMAR AERO;Feb;6.0;71.4;3.3;112.0;23.1;;;11.1
EL PALOMAR AERO;Mar;6.0;74.7;3.2;104.3;21.0;;;10.2
EL PALOMAR AERO;Abr;6.8;78.9;3.6;112.4;17.0;;;9.4
EL PALOMAR AERO;May;4.9;82.1;4.0;72.9;13.4;;;8.7
EL PALOMAR AERO;Jun;4.4;81.1;4.2;54.5;10.5;;;8.9
EL PALOMAR AERO;Jul;;79.5;4.1;;9.7;;;9.6
EL PALOMAR AERO;Ago;4.6;75.6;3.9;63.9;11.8;;;10.8
EL PALOMAR AERO;Sep;5.2;72.5;3.8;66.9;13.9;;;12.9
EL PALOMAR AERO;Oct;7.3;72.7;4.0;116.3;16.9;;;12.6
EL PALOMAR AERO;Nov;6.6;68.2;3.5;109.0;20.0;;;12.3
EL PALOMAR AERO;Dic;6.5;65.5;3.3;104.2;22.7;;;11.8
EL TRÉBOL;Ene;6.5;70.6;3.3;123.8;23.9;30.7;17.4;9.3
EL TRÉBOL;Feb;6.4;75.6;3.4;115.9;22.5;29.2;16.4;9.0
EL TRÉBOL;Mar;6.5;75.7;3.2;114.1;20.9;27.9;14.8;8.6
EL TRÉBOL;Abr;6.5;76.9;3.7;104.6;17.3;24.3;11.8;9.2
EL TRÉBOL;May;3.8;78.4;4.1;37.4;13.8;20.5;8.4;9.0
EL TRÉBOL;Jun;2.7;77.9;4.1;21.9;10.7;17.4;5.4;8.4
EL TRÉBOL;Jul;2.2;73.7;3.8;19.3;9.6;16.9;3.8;8.8
EL TRÉBOL;Ago;2.4;69.3;3.3;24.9;11.8;19.7;5.1;10.6
EL TRÉBOL;Sep;3.8;66.8;3.3;47.2;14.6;22.0;7.6;11.2
EL TRÉBOL;Oct;6.9;69.5;3.7;103.5;18.0;24.8;11.6;11.6
EL TRÉBOL;Nov;7.0;66.1;3.3;111.6;20.9;27.9;14.2;11.2
EL TRÉBOL;Dic;8.0;67.9;3.3;160.0;23.0;29.9;16.4;10.1
ESQUEL AERO;Ene;3.2;47.4;3.2;22.1;15.4;22.0;8.6;19.9
ESQUEL AERO;Feb;3.3;49.9;3.1;20.8;15.1;22.3;8.1;16.3
ESQUEL AERO;Mar;3.6;56.0;3.5;23.5;12.4;19.2;5.8;14.4
ESQUEL AERO;Abr;5.5;63.0;3.7;41.1;8.4;14.7;2.9;13.5
ESQUEL AERO;May;7.4;72.1;4.4;64.5;5.2;10.5;0.8;12.6
ESQUEL AERO;Jun;8.8;75.4;4.6;81.1;2.6;7.0;-1.4;14.0
ESQUEL AERO;Jul;7.8;75.3;4.4;64.5;1.7;6.2;-2.4;12.5
ESQUEL AERO;Ago;8.4;70.1;4.3;55.3;3.4;8.7;-1.1;14.0
ESQUEL AERO;Sep;5.1;61.7;3.9;29.4;5.6;11.9;0.2;14.4
ESQUEL AERO;Oct;4.5;55.0;3.9;28.7;8.4;14.6;2.3;16.4
ESQUEL AERO;Nov;3.6;49.9;3.8;21.3;11.3;17.6;4.9;19.8
ESQUEL AERO;Dic;2.7;47.5;3.6;20.3;13.7;20.1;7.3;21.0
EZEIZA AERO;Ene;6.6;65.6;3.4;99.8;24.1;30.3;17.9;13.2
EZEIZA AERO;Feb;6.4;70.6;3.4;108.5;23.0;28.8;17.1;12.2
EZEIZA AERO;Mar;6.0;74.2;3.4;100.1;21.0;26.8;15.4;11.2
EZEIZA AERO;Abr;6.3;77.3;3.8;100.6;17.1;22.9;11.8;10.8
EZEIZA AERO;May;4.9;79.7;4.3;70.3;13.6;19.0;8.9;10.0
EZEIZA AERO;Jun;4.5;78.5;4.5;48.4;10.8;15.9;6.1;10.4
EZEIZA AERO;Jul;4.5;77.6;4.4;56.9;9.8;15.0;5.2;11.1
EZEIZA AERO;Ago;4.6;73.8;4.2;59.3;11.8;17.5;6.6;12.0
EZEIZA AERO;Sep;5.5;71.7;4.1;65.4;13.8;19.3;8.3;13.5
EZEIZA AERO;Oct;7.5;71.9;4.2;106.6;16.8;22.2;11.2;13.4
EZEIZA AERO;Nov;6.5;67.0;3.7;99.5;20.0;25.8;13.8;13.9
EZEIZA AERO;Dic;6.2;64.1;3.4;99.5;22.7;29.0;16.2;12.7
FORMOSA AERO;Ene;7.6;71.5;4.0;163.5;27.7;34.1;22.5;12.4
FORMOSA AERO;Feb;7.4;74.2;4.0;135.6;26.9;33.0;22.0;11.5
FORMOSA AERO;Mar;6.8;76.4;3.7;138.2;25.6;31.7;20.6;10.8
FORMOSA AERO;Abr;6.9;78.9;3.8;159.6;22.7;28.6;18.0;10.5
FORMOSA AERO;May;6.0;81.2;4.1;110.1;19.0;24.5;14.6;11.2
FORMOSA AERO;Jun;4.7;81.0;4.5;60.3;17.3;22.8;13.1;12.2
FORMOSA AERO;Jul;3.4;76.4;4.0;41.0;16.4;22.7;11.5;12.1
FORMOSA AERO;Ago;3.6;70.3;3.5;34.8;18.3;25.4;12.7;14.8
FORMOSA AERO;Sep;5.7;69.3;3.8;74.8;20.4;27.2;14.7;14.3
FORMOSA AERO;Oct;8.3;72.4;4.2;150.3;23.4;29.5;18.2;15.4
FORMOSA AERO;Nov;7.8;71.1;3.7;159.9;24.8;30.9;19.2;13.7
FORMOSA AERO;Dic;7.8;71.4;3.9;178.4;26.9;33.0;21.4;12.9
GENERAL PICO AERO;Ene;7.3;63.6;3.1;106.6;23.8;30.9;17.1;
GENERAL PICO AERO;Feb;5.9;68.2;3.0;105.3;22.4;29.6;15.9;
GENERAL PICO AERO;Mar;7.4;71.2;3.1;130.6;20.2;27.4;14.4;
GENERAL PICO AERO;Abr;5.3;72.8;3.4;79.5;16.1;23.2;10.5;
GENERAL PICO AERO;May;4.0;78.0;3.9;33.5;12.2;18.8;7.1;
GENERAL PICO AERO;Jun;2.8;76.5;4.0;15.9;8.9;15.7;3.6;
GENERAL PICO AERO;Jul;2.7;73.4;3.8;17.2;8.0;15.1;2.5;
GENERAL PICO AERO;Ago;2.7;65.5;3.4;23.8;10.4;18.1;4.0;
GENERAL PICO AERO;Sep;4.7;63.2;3.6;48.8;13.3;20.8;6.6;
GENERAL PICO AERO;Oct;7.8;65.4;3.7;100.4;16.6;23.5;10.2;
GENERAL PICO AERO;Nov;6.6;59.3;3.3;103.4;20.3;27.4;13.4;
GENERAL PICO AERO;Dic;7.4;59.0;3.1;120.2;23.0;30.2;15.9;
GOBERNADOR GREGORES AERO*;Ene;1.8;43.7;4.0;8.4;15.3;22.6;9.2;
GOBERNADOR GREGORES AERO*;Feb;2.8;47.6;3.8;12.7;15.2;22.5;8.9;
GOBERNADOR GREGORES AERO*;Mar;2.7;52.4;3.7;13.6;12.5;18.9;7.1;
GOBERNADOR GREGORES AERO*;Abr;2.5;57.1;3.5;11.2;9.1;14.9;4.1;
GOBERNADOR GREGORES AERO*;May;2.3;66.3;3.6;10.1;5.3;10.1;1.1;
GOBERNADOR GREGORES AERO*;Jun;3.8;71.0;3.6;16.2;1.9;5.9;-2.0;
GOBERNADOR GREGORES AERO*;Jul;2.7;;;8.6;;5.7;-2.4;
GOBERNADOR GREGORES AERO*;Ago;2.5;;;10.1;;8.4;-0.7;
GOBERNADOR GREGORES AERO*;Sep;2.6;55.6;3.8;8.1;6.6;12.2;1.5;
GOBERNADOR GREGORES AERO*;Oct;2.0;49.9;3.8;9.0;9.5;16.0;3.8;
GOBERNADOR GREGORES AERO*;Nov;2.2;44.7;3.9;9.3;12.3;19.0;6.4;
GOBERNADOR GREGORES AERO*;Dic;2.3;43.9;4.2;8.1;14.3;21.0;8.2;
GUALEGUAYCHÚ AERO;Ene;6.3;67.5;3.1;130.3;24.9;31.2;18.8;11.4
GUALEGUAYCHÚ AERO;Feb;6.5;72.7;3.3;122.9;23.6;29.7;18.0;10.5
GUALEGUAYCHÚ AERO;Mar;6.4;74.7;3.1;128.4;21.8;28.0;16.3;10.3
GUALEGUAYCHÚ AERO;Abr;7.2;78.4;3.4;124.4;18.0;24.2;12.7;9.9
GUALEGUAYCHÚ AERO;May;5.2;81.5;3.9;81.8;14.4;20.2;9.8;9.9
GUALEGUAYCHÚ AERO;Jun;4.2;82.0;4.1;57.8;11.5;17.3;6.9;11.0
GUALEGUAYCHÚ AERO;Jul;4.4;80.0;3.9;56.5;10.7;16.6;6.0;11.3
GUALEGUAYCHÚ AERO;Ago;4.8;75.5;3.6;60.6;12.8;19.3;7.4;12.9
GUALEGUAYCHÚ AERO;Sep;5.5;72.7;3.6;78.6;14.9;20.9;9.3;12.9
GUALEGUAYCHÚ AERO;Oct;7.4;73.0;3.8;121.0;18.0;23.8;12.4;12.4
GUALEGUAYCHÚ AERO;Nov;6.3;67.5;3.3;115.5;21.0;27.2;14.8;13.0
GUALEGUAYCHÚ AERO;Dic;7.6;65.8;3.2;140.2;23.5;29.9;17.1;12.0
IGUAZÚ AERO;Ene;9.3;79.0;3.9;180.1;25.8;32.0;20.7;9.1
IGUAZÚ AERO;Feb;8.9;80.5;4.0;149.9;25.2;31.5;20.4;9.0
IGUAZÚ AERO;Mar;8.0;80.9;3.4;153.3;24.3;30.6;19.4;8.4
IGUAZÚ AERO;Abr;7.4;83.8;3.2;161.1;21.6;27.8;16.9;8.7
IGUAZÚ AERO;May;7.8;87.5;3.6;185.5;17.8;23.5;13.4;8.9
IGUAZÚ AERO;Jun;7.7;88.6;3.8;145.5;16.5;22.2;12.2;9.5
IGUAZÚ AERO;Jul;7.1;85.0;3.5;107.0;15.9;22.5;11.0;10.1
IGUAZÚ AERO;Ago;5.9;78.9;3.2;83.7;17.9;25.2;12.3;11.1
IGUAZÚ AERO;Sep;8.3;77.0;3.8;155.3;19.9;26.8;14.3;10.9
IGUAZÚ AERO;Oct;11.4;78.8;4.1;247.0;22.4;28.7;17.0;10.8
IGUAZÚ AERO;Nov;8.4;75.8;3.5;172.3;23.7;30.1;17.9;10.1
IGUAZÚ AERO;Dic;9.6;77.9;3.8;219.0;25.2;31.3;19.8;9.7
JACHAL;Ene;2.9;53.4;3.0;18.6;25.4;32.9;16.6;
JACHAL;Feb;3.6;58.1;2.9;32.3;23.3;31.2;15.1;
JACHAL;Mar;2.3;62.0;2.9;16.0;21.0;29.0;13.0;
JACHAL;Abr;1.4;64.9;2.5;8.2;16.0;24.5;7.2;
JACHAL;May;1.1;66.2;2.5;5.7;11.2;20.5;2.6;
JACHAL;Jun;0.6;63.4;2.3;3.2;8.4;18.5;-1.0;
JACHAL;Jul;0.8;61.7;2.0;3.4;7.2;17.6;-2.4;
JACHAL;Ago;0.5;56.0;1.8;1.8;10.0;20.4;-0.6;
JACHAL;Sep;1.0;54.4;2.0;5.4;13.5;22.8;3.3;
JACHAL;Oct;1.0;50.6;2.0;4.8;18.3;26.9;7.8;
JACHAL;Nov;0.9;48.2;2.0;5.9;22.0;30.3;11.8;
JACHAL;Dic;2.0;49.1;2.4;18.1;24.9;32.7;15.2;
JUJUY AERO;Ene;11.3;73.2;5.2;147.6;23.8;30.3;18.5;8.7
JUJUY AERO;Feb;10.4;77.5;5.3;154.0;22.7;28.8;17.9;8.3
JUJUY AERO;Mar;10.9;81.1;5.4;131.8;21.3;27.1;17.0;7.9
JUJUY AERO;Abr;6.5;81.5;5.2;51.7;18.5;24.3;14.1;7.8
JUJUY AERO;May;2.5;79.3;4.8;13.6;15.1;21.3;10.4;7.3
JUJUY AERO;Jun;1.1;75.9;4.1;4.3;12.5;19.9;7.3;8.2
JUJUY AERO;Jul;0.5;67.1;3.3;2.8;11.9;20.1;6.0;9.1
JUJUY AERO;Ago;0.5;55.7;2.8;2.1;15.1;23.6;8.2;11.3
JUJUY AERO;Sep;1.1;50.0;3.3;5.1;18.4;26.4;11.0;10.8
JUJUY AERO;Oct;3.6;55.7;4.2;28.8;21.9;29.0;15.1;10.4
JUJUY AERO;Nov;5.8;60.7;4.5;56.1;23.1;30.0;16.7;10.4
JUJUY AERO;Dic;9.2;67.3;4.8;122.5;24.0;30.7;18.1;8.9
JUJUY U N;Ene;13.8;80.7;5.8;191.5;21.1;27.3;16.7;4.2
JUJUY U N;Feb;13.5;83.7;5.8;188.0;20.2;26.2;16.2;4.4
JUJUY U N;Mar;13.3;84.9;5.8;166.5;19.1;24.8;15.5;4.4
JUJUY U N;Abr;7.6;84.7;5.4;62.0;16.6;22.4;12.7;4.5
JUJUY U N;May;4.5;83.0;5.0;20.9;13.4;19.6;9.1;4.4
JUJUY U N;Jun;2.8;79.3;4.1;9.5;11.1;18.6;5.9;4.5
JUJUY U N;Jul;2.3;74.1;3.5;7.1;10.2;18.6;4.5;4.4
JUJUY U N;Ago;1.7;65.3;3.0;5.9;13.0;21.7;6.4;4.9
JUJUY U N;Sep;2.5;62.6;3.4;9.4;15.7;24.0;9.1;5.0
JUJUY U N;Oct;5.5;67.0;4.6;40.8;19.0;26.4;12.9;5.1
JUJUY U N;Nov;9.0;71.1;4.9;97.5;20.2;27.1;14.6;4.9
JUJUY U N;Dic;11.8;77.0;5.3;152.1;21.3;27.7;16.2;4.6
JUNÍN AERO;Ene;7.1;69.6;3.2;129.2;23.0;29.8;16.5;14.4
JUNÍN AERO;Feb;6.8;74.6;3.2;115.0;21.6;28.4;15.6;12.2
JUNÍN AERO;Mar;7.0;75.9;3.1;128.3;19.7;26.9;13.8;12.8
JUNÍN AERO;Abr;6.9;75.8;3.5;127.5;16.1;23.1;10.6;13.6
JUNÍN AERO;May;4.3;78.9;3.9;75.7;12.7;19.2;7.6;13.2
JUNÍN AERO;Jun;3.1;78.0;4.0;31.4;9.5;16.0;4.4;13.4
JUNÍN AERO;Jul;3.1;75.7;4.0;29.7;8.7;15.2;3.4;14.4
JUNÍN AERO;Ago;3.1;70.6;3.5;40.8;10.7;18.1;4.7;16.1
JUNÍN AERO;Sep;4.5;68.3;3.6;60.3;13.2;20.2;6.9;16.8
JUNÍN AERO;Oct;8.6;70.7;3.9;134.2;16.3;22.7;10.2;17.2
JUNÍN AERO;Nov;6.9;65.7;3.4;112.1;19.6;26.5;12.8;16.8
JUNÍN AERO;Dic;7.6;64.5;3.2;121.0;22.1;29.2;15.1;15.2
LA PLATA AERO;Ene;7.1;72.2;3.2;111.0;23.1;28.9;17.4;
LA PLATA AERO;Feb;6.3;75.7;3.1;112.8;22.2;27.8;16.9;
LA PLATA AERO;Mar;6.3;79.1;3.1;106.5;20.2;25.8;15.2;
LA PLATA AERO;Abr;6.6;82.2;3.5;98.2;16.4;22.1;11.7;
LA PLATA AERO;May;5.2;85.1;4.0;78.0;13.0;18.2;8.7;
LA PLATA AERO;Jun;5.1;84.4;4.1;58.6;10.1;15.1;6.0;
LA PLATA AERO;Jul;5.4;83.7;4.1;78.7;9.2;14.2;5.2;
LA PLATA AERO;Ago;5.2;81.4;3.9;67.5;11.0;16.4;6.3;
LA PLATA AERO;Sep;5.8;79.0;3.8;71.4;12.8;18.1;7.9;
LA PLATA AERO;Oct;7.4;78.6;3.9;101.0;15.9;21.0;10.7;
LA PLATA AERO;Nov;6.8;74.3;3.5;95.3;18.8;24.4;13.4;
LA PLATA AERO;Dic;6.6;70.8;3.2;93.7;21.6;27.5;15.8;
LA QUIACA OBSERVATORIO;Ene;11.5;62.6;4.9;101.9;13.2;20.6;7.7;6.5
LA QUIACA OBSERVATORIO;Feb;9.2;63.2;4.7;67.9;13.0;20.4;7.6;6.8
LA QUIACA OBSERVATORIO;Mar;6.8;60.3;3.7;48.1;12.8;20.6;6.6;6.7
LA QUIACA OBSERVATORIO;Abr;1.4;46.0;2.3;6.8;11.3;20.3;3.1;5.5
LA QUIACA OBSERVATORIO;May;0.2;32.6;1.6;1.1;7.3;17.8;-2.5;4.8
LA QUIACA OBSERVATORIO;Jun;0.0;27.4;1.4;0.0;4.8;16.3;-5.7;5.5
LA QUIACA OBSERVATORIO;Jul;0.0;25.7;1.3;0.0;4.5;16.1;-6.2;5.9
LA QUIACA OBSERVATORIO;Ago;0.2;26.7;1.3;1.2;7.0;18.0;-4.0;6.7
LA QUIACA OBSERVATORIO;Sep;0.6;32.1;1.8;3.9;10.0;20.0;-0.4;7.9
LA QUIACA OBSERVATORIO;Oct;2.3;42.4;2.6;14.4;12.4;21.7;3.3;7.9
LA QUIACA OBSERVATORIO;Nov;3.8;48.6;3.1;22.2;13.4;22.5;5.5;7.7
LA QUIACA OBSERVATORIO;Dic;8.6;55.8;4.1;63.2;13.9;22.2;7.3;7.1
LA RIOJA AERO;Ene;7.1;59.9;3.9;90.3;27.6;35.2;21.5;
LA RIOJA AERO;Feb;6.6;63.9;4.0;78.8;26.0;33.2;20.1;
LA RIOJA AERO;Mar;5.4;67.9;3.8;63.4;23.9;30.8;18.6;
LA RIOJA AERO;Abr;3.3;70.0;3.6;30.8;19.8;26.8;14.6;
LA RIOJA AERO;May;1.7;71.1;3.6;8.2;15.3;22.6;9.9;
LA RIOJA AERO;Jun;0.7;70.3;3.2;4.0;11.4;19.7;5.6;
LA RIOJA AERO;Jul;0.7;63.2;2.5;4.2;10.6;19.5;4.2;
LA RIOJA AERO;Ago;0.5;52.2;2.1;3.3;14.2;23.3;6.9;
LA RIOJA AERO;Sep;1.3;47.6;2.4;5.5;18.4;26.9;11.3;
LA RIOJA AERO;Oct;2.0;49.3;2.9;19.5;22.8;30.8;15.9;
LA RIOJA AERO;Nov;3.4;51.5;3.2;32.0;25.6;33.6;18.9;
LA RIOJA AERO;Dic;5.6;54.4;3.5;66.9;27.6;35.4;20.8;
LABOULAYE AERO;Ene;7.5;69.9;3.0;130.0;23.2;30.4;16.9;10.9
LABOULAYE AERO;Feb;6.1;74.3;3.0;108.4;21.8;29.1;15.9;8.0
LABOULAYE AERO;Mar;6.9;76.3;2.9;128.6;19.9;27.3;14.2;8.3
LABOULAYE AERO;Abr;6.1;76.2;3.5;88.7;16.1;23.4;10.8;8.2
LABOULAYE AERO;May;3.6;78.4;4.0;39.0;12.4;19.4;7.6;7.6
LABOULAYE AERO;Jun;1.9;76.9;3.9;13.2;9.1;16.3;4.0;6.7
LABOULAYE AERO;Jul;2.0;72.9;3.8;13.5;8.1;15.7;2.8;8.0
LABOULAYE AERO;Ago;2.0;67.1;3.3;17.5;10.2;18.7;3.9;10.6
LABOULAYE AERO;Sep;4.0;64.8;3.4;48.4;13.2;21.3;6.6;12.6
LABOULAYE AERO;Oct;7.8;68.1;3.7;102.3;16.6;23.8;10.5;13.6
LABOULAYE AERO;Nov;7.6;64.5;3.3;106.0;20.0;27.3;13.5;13.2
LABOULAYE AERO;Dic;8.0;64.5;3.0;137.4;22.4;29.9;15.8;12.0
LAS FLORES;Ene;6.2;69.3;3.6;98.3;22.6;29.7;15.2;
LAS FLORES;Feb;6.1;73.7;3.5;104.5;21.4;28.4;14.7;
LAS FLORES;Mar;6.4;77.4;3.5;118.8;19.4;26.2;13.0;
LAS FLORES;Abr;6.6;79.4;3.7;105.9;15.4;22.1;9.7;
LAS FLORES;May;4.5;82.1;4.3;61.4;12.0;18.1;6.8;
LAS FLORES;Jun;4.1;82.2;4.3;52.5;9.0;14.7;4.1;
LAS FLORES;Jul;4.3;81.8;4.4;49.9;8.1;13.9;3.2;
LAS FLORES;Ago;4.2;79.3;4.1;57.1;10.2;16.5;4.8;
LAS FLORES;Sep;4.8;77.5;4.1;65.4;12.1;18.4;6.4;
LAS FLORES;Oct;7.0;76.2;4.2;102.6;15.4;21.4;9.4;
LAS FLORES;Nov;6.9;72.1;3.8;92.7;18.4;25.0;11.9;
LAS FLORES;Dic;6.1;68.5;3.5;71.6;21.2;28.4;14.1;
LAS LOMITAS;Ene;6.7;67.9;3.9;130.3;28.3;35.5;22.1;5.4
LAS LOMITAS;Feb;7.0;71.7;3.9;121.4;27.0;34.0;21.5;5.2
LAS LOMITAS;Mar;7.5;74.1;3.7;156.4;25.7;32.7;20.3;4.7
LAS LOMITAS;Abr;6.4;77.4;4.1;95.4;22.7;29.2;17.8;4.6
LAS LOMITAS;May;4.9;80.0;4.3;65.4;18.9;25.2;14.1;4.5
LAS LOMITAS;Jun;3.1;78.5;4.5;16.9;17.2;23.8;12.5;4.8
LAS LOMITAS;Jul;2.2;70.8;3.6;15.6;16.6;24.2;10.8;5.2
LAS LOMITAS;Ago;1.4;61.5;3.0;11.9;19.3;27.6;12.6;6.3
LAS LOMITAS;Sep;2.7;59.2;3.3;26.3;21.8;29.9;15.0;6.1
LAS LOMITAS;Oct;5.6;63.2;3.8;70.3;24.9;32.3;18.6;6.6
LAS LOMITAS;Nov;7.4;66.0;3.6;128.0;25.9;33.2;19.6;5.7
LAS LOMITAS;Dic;6.9;68.1;3.8;129.3;27.6;34.6;21.3;5.4
MALARGÜE AERO;Ene;3.0;43.8;2.6;22.7;20.6;29.1;11.6;10.4
MALARGÜE AERO;Feb;4.1;50.3;2.8;32.4;18.9;27.2;10.7;9.7
MALARGÜE AERO;Mar;3.2;55.4;2.9;30.2;16.4;25.0;8.9;8.8
MALARGÜE AERO;Abr;3.1;60.6;3.3;30.4;11.5;20.0;4.8;8.2
MALARGÜE AERO;May;3.8;63.7;4.0;30.4;7.4;15.3;1.5;9.4
MALARGÜE AERO;Jun;4.0;61.9;3.9;33.5;4.7;12.5;-1.0;11.6
MALARGÜE AERO;Jul;2.9;59.8;3.7;24.4;3.8;11.8;-2.3;11.4
MALARGÜE AERO;Ago;3.2;53.7;3.6;26.9;5.8;14.2;-1.1;12.6
MALARGÜE AERO;Sep;2.9;49.2;3.6;17.4;8.7;17.0;1.3;12.2
MALARGÜE AERO;Oct;2.9;44.9;3.6;24.5;12.5;20.5;4.4;11.9
MALARGÜE AERO;Nov;2.6;40.9;3.1;25.9;16.2;24.4;7.3;12.1
MALARGÜE AERO;Dic;2.8;40.0;2.7;21.9;19.2;27.5;10.0;11.7
MAQUINCHAO;Ene;1.6;44.1;2.6;13.8;18.6;26.7;9.6;16.3
MAQUINCHAO;Feb;2.1;47.9;2.6;24.6;17.5;25.7;9.1;13.3
MAQUINCHAO;Mar;2.0;53.4;3.0;18.3;14.2;22.3;6.5;11.3
MAQUINCHAO;Abr;2.9;60.9;3.3;23.4;8.9;16.6;2.4;10.6
MAQUINCHAO;May;3.8;68.8;3.8;22.7;4.8;11.3;-0.6;10.4
MAQUINCHAO;Jun;5.0;72.4;4.0;25.8;1.8;7.1;-2.8;12.6
MAQUINCHAO;Jul;;71.0;3.7;;0.6;6.2;-4.4;10.9
MAQUINCHAO;Ago;2.0;66.4;3.7;8.9;2.8;9.6;-2.8;14.1
MAQUINCHAO;Sep;2.4;59.0;3.4;14.0;5.7;13.1;-1.0;13.9
MAQUINCHAO;Oct;3.1;54.1;3.6;22.9;9.6;16.9;2.3;14.6
MAQUINCHAO;Nov;;48.9;3.4;;13.3;20.8;5.5;16.9
MAQUINCHAO;Dic;1.4;46.5;3.0;10.1;16.6;24.4;7.9;18.1
MAR DEL PLATA AERO;Ene;6.6;73.9;3.7;91.1;20.3;26.4;14.5;16.4
MAR DEL PLATA AERO;Feb;6.6;77.2;3.7;103.6;19.7;25.5;14.3;14.9
MAR DEL PLATA AERO;Mar;7.0;79.5;3.8;95.2;18.1;23.8;12.9;14.2
MAR DEL PLATA AERO;Abr;7.4;79.9;4.1;97.3;14.6;20.4;9.5;13.8
MAR DEL PLATA AERO;May;5.7;82.0;4.5;60.0;11.4;16.9;6.7;12.0
MAR DEL PLATA AERO;Jun;5.9;81.6;4.6;66.1;8.5;13.8;4.0;14.0
MAR DEL PLATA AERO;Jul;6.4;81.8;4.7;57.8;7.5;12.6;3.2;13.9
MAR DEL PLATA AERO;Ago;5.8;79.5;4.5;63.6;9.0;14.7;4.2;14.8
MAR DEL PLATA AERO;Sep;5.7;78.6;4.4;63.1;10.4;15.9;5.5;15.5
MAR DEL PLATA AERO;Oct;7.2;77.7;4.5;83.1;13.2;18.6;8.1;16.1
MAR DEL PLATA AERO;Nov;7.7;75.4;4.0;80.3;15.9;21.7;10.3;16.6
MAR DEL PLATA AERO;Dic;6.4;72.7;3.7;84.8;18.8;25.2;12.8;17.3
MARCOS JUÁREZ AERO;Ene;6.2;75.4;3.1;114.4;23.5;30.4;17.2;
MARCOS JUÁREZ AERO;Feb;6.4;79.3;3.2;118.9;22.1;28.9;16.2;
MARCOS JUÁREZ AERO;Mar;6.5;78.1;3.1;109.7;20.6;27.9;14.7;
MARCOS JUÁREZ AERO;Abr;6.8;78.2;3.6;107.3;17.2;24.4;11.7;
MARCOS JUÁREZ AERO;May;3.5;80.5;3.9;37.0;13.5;20.4;8.3;
MARCOS JUÁREZ AERO;Jun;2.3;80.3;4.0;18.8;10.3;17.3;4.9;
MARCOS JUÁREZ AERO;Jul;1.8;76.8;3.6;12.5;9.2;16.8;3.5;
MARCOS JUÁREZ AERO;Ago;2.3;71.4;3.2;21.6;11.3;19.7;4.8;
MARCOS JUÁREZ AERO;Sep;3.9;68.9;3.4;42.2;14.2;22.3;7.2;
MARCOS JUÁREZ AERO;Oct;6.7;69.9;3.7;102.3;17.8;25.1;11.2;
MARCOS JUÁREZ AERO;Nov;7.3;66.8;3.3;109.3;20.9;28.1;14.0;
MARCOS JUÁREZ AERO;Dic;7.7;69.6;3.2;148.6;22.9;30.0;16.1;
MENDOZA AERO;Ene;4.5;48.4;3.3;47.2;25.9;32.8;19.3;
MENDOZA AERO;Feb;4.0;53.8;3.3;40.8;24.1;31.0;17.8;
MENDOZA AERO;Mar;3.4;59.7;3.2;31.6;21.5;28.1;15.7;
MENDOZA AERO;Abr;2.4;64.6;3.2;18.5;16.5;23.3;10.8;
MENDOZA AERO;May;2.0;69.1;3.7;11.0;12.1;18.7;6.8;
MENDOZA AERO;Jun;1.0;66.9;3.2;5.7;8.7;15.9;2.9;
MENDOZA AERO;Jul;1.3;62.1;3.0;5.0;7.9;15.3;2.0;
MENDOZA AERO;Ago;1.3;53.2;2.7;7.9;10.8;18.6;4.3;
MENDOZA AERO;Sep;2.1;48.3;3.0;12.3;14.5;21.8;7.8;
MENDOZA AERO;Oct;2.0;45.3;3.0;11.2;18.7;25.7;11.9;
MENDOZA AERO;Nov;3.0;43.5;2.9;22.1;22.3;29.2;15.4;
MENDOZA AERO;Dic;3.2;43.8;2.9;24.7;25.1;32.0;18.1;
MENDOZA OBSERVATORIO;Ene;4.9;54.3;3.2;39.6;24.4;30.7;18.3;
MENDOZA OBSERVATORIO;Feb;4.8;59.7;3.2;44.3;22.6;29.2;16.9;
MENDOZA OBSERVATORIO;Mar;4.3;64.1;3.2;35.7;20.2;26.5;15.0;
MENDOZA OBSERVATORIO;Abr;3.0;66.7;3.2;23.3;15.5;22.0;10.9;
MENDOZA OBSERVATORIO;May;2.8;70.4;3.7;14.8;11.4;18.0;7.2;
MENDOZA OBSERVATORIO;Jun;1.7;67.6;3.2;8.1;8.2;15.3;3.9;
MENDOZA OBSERVATORIO;Jul;1.6;63.5;3.0;8.3;7.4;14.7;2.9;
MENDOZA OBSERVATORIO;Ago;1.9;56.4;2.7;10.1;10.1;17.6;4.9;
MENDOZA OBSERVATORIO;Sep;2.8;53.9;3.0;14.6;13.5;20.5;7.7;
MENDOZA OBSERVATORIO;Oct;2.4;52.2;3.0;13.9;17.4;24.0;11.2;
MENDOZA OBSERVATORIO;Nov;3.4;51.3;2.9;26.5;20.8;27.3;14.4;
MENDOZA OBSERVATORIO;Dic;3.8;51.5;2.8;27.8;23.5;30.0;17.1;
MONTE CASEROS AERO;Ene;7.4;68.4;3.3;157.4;26.2;32.4;20.6;11.2
MONTE CASEROS AERO;Feb;6.9;72.5;3.4;140.6;25.1;31.2;20.0;10.8
MONTE CASEROS AERO;Mar;7.1;74.6;3.2;136.8;23.3;29.6;18.3;10.4
MONTE CASEROS AERO;Abr;7.6;78.0;3.5;197.2;19.9;25.8;15.3;10.1
MONTE CASEROS AERO;May;6.8;81.1;3.9;114.7;16.2;21.7;12.0;10.5
MONTE CASEROS AERO;Jun;5.2;81.5;4.2;82.3;13.9;19.3;9.8;11.5
MONTE CASEROS AERO;Jul;4.5;78.3;3.9;61.7;13.1;18.9;8.8;12.2
MONTE CASEROS AERO;Ago;4.2;73.7;3.5;64.5;15.1;21.7;10.1;14.3
MONTE CASEROS AERO;Sep;6.2;72.5;3.8;91.9;17.0;23.1;11.9;14.2
MONTE CASEROS AERO;Oct;8.4;73.0;3.9;157.6;20.0;25.8;14.9;13.6
MONTE CASEROS AERO;Nov;6.7;68.1;3.2;149.1;22.6;28.7;16.8;12.2
MONTE CASEROS AERO;Dic;7.8;67.5;3.3;167.3;24.9;31.1;19.1;11.4
NEUQUÉN AERO;Ene;1.8;38.1;2.3;13.5;24.1;32.1;15.9;12.1
NEUQUÉN AERO;Feb;1.9;45.4;2.4;12.6;22.4;30.6;14.4;10.4
NEUQUÉN AERO;Mar;1.6;53.6;2.7;14.8;19.1;27.4;11.8;8.4
NEUQUÉN AERO;Abr;2.7;63.0;3.4;21.9;13.7;21.8;7.2;7.7
NEUQUÉN AERO;May;4.0;70.2;4.2;26.4;9.5;16.6;4.0;7.0
NEUQUÉN AERO;Jun;3.5;70.9;4.5;17.6;6.8;13.3;1.7;8.3
NEUQUÉN AERO;Jul;2.8;68.0;4.2;17.9;6.0;13.1;0.5;7.9
NEUQUÉN AERO;Ago;1.9;58.8;4.1;9.6;8.3;16.1;2.0;9.3
NEUQUÉN AERO;Sep;2.6;51.1;3.7;16.5;11.7;19.3;4.8;10.2
NEUQUÉN AERO;Oct;2.9;46.5;3.7;32.9;15.5;22.9;8.4;10.9
NEUQUÉN AERO;Nov;2.2;39.9;3.3;17.7;19.5;27.1;11.9;12.0
NEUQUÉN AERO;Dic;1.8;37.2;2.8;10.3;22.6;30.3;14.6;12.8
NUEVE DE JULIO;Ene;7.2;65.0;3.2;121.9;23.3;30.5;16.8;9.2
NUEVE DE JULIO;Feb;6.0;69.9;3.2;103.4;22.1;29.1;16.1;7.9
NUEVE DE JULIO;Mar;7.2;72.8;3.2;139.4;19.8;27.0;14.2;7.3
NUEVE DE JULIO;Abr;6.9;75.6;3.5;118.0;15.9;22.8;10.9;7.8
NUEVE DE JULIO;May;4.8;78.9;4.0;67.4;12.5;18.9;8.0;7.4
NUEVE DE JULIO;Jun;3.7;78.3;4.2;38.5;9.4;15.4;5.1;7.7
NUEVE DE JULIO;Jul;3.8;76.6;4.1;37.8;8.5;14.6;4.2;8.7
NUEVE DE JULIO;Ago;3.2;71.0;3.7;39.9;10.6;17.5;5.5;9.8
NUEVE DE JULIO;Sep;5.1;67.6;3.6;63.7;13.1;19.7;7.5;10.6
NUEVE DE JULIO;Oct;8.3;69.8;3.8;114.6;16.2;22.5;10.4;9.7
NUEVE DE JULIO;Nov;7.4;64.9;3.5;99.6;19.4;26.5;13.1;10.5
NUEVE DE JULIO;Dic;7.5;62.6;3.2;109.2;22.3;29.5;15.4;9.4
OBERÁ;Mar;;81.3;3.4;;23.3;30.2;18.5;
OBERÁ;Abr;8.5;82.4;3.3;215.2;20.7;27.1;15.9;
OBERÁ;May;8.7;84.6;3.8;143.4;16.9;23.0;12.7;
OBERÁ;Jun;8.0;83.6;3.9;153.3;15.7;21.5;11.5;
OBERÁ;Sep;9.5;76.4;3.7;157.7;18.8;25.3;13.4;
OBERÁ;Oct;;77.4;4.0;;21.1;27.9;16.1;
OBERÁ;Nov;8.5;74.7;3.3;184.0;22.9;29.7;17.1;
OBERÁ;Dic;;75.9;3.5;;24.7;31.6;19.3;
OLAVARRÍA AERO;Ene;7.1;65.9;3.7;111.8;21.7;29.0;14.1;
OLAVARRÍA AERO;Feb;6.0;71.3;3.7;98.2;20.3;27.5;13.5;
OLAVARRÍA AERO;Mar;6.7;77.2;3.7;108.1;18.1;25.0;11.8;
OLAVARRÍA AERO;Abr;6.0;78.7;3.8;92.1;13.9;20.9;8.3;
OLAVARRÍA AERO;May;4.2;81.9;4.4;56.7;10.5;16.8;5.5;
OLAVARRÍA AERO;Jun;3.5;82.0;4.4;38.5;7.5;13.5;2.4;
OLAVARRÍA AERO;Jul;4.0;81.3;4.5;37.5;6.5;12.8;1.6;
OLAVARRÍA AERO;Ago;3.5;77.6;4.2;50.0;8.4;15.5;3.1;
OLAVARRÍA AERO;Sep;4.7;76.6;4.3;56.1;10.7;17.5;4.7;
OLAVARRÍA AERO;Oct;7.1;76.3;4.4;91.4;13.9;20.4;7.6;
OLAVARRÍA AERO;Nov;7.4;71.5;4.1;88.9;17.1;24.0;10.1;
OLAVARRÍA AERO;Dic;6.0;64.9;3.7;84.0;20.3;27.7;12.5;
ORÁN AERO*;Ene;10.5;76.5;5.2;198.4;26.4;32.8;21.6;
ORÁN AERO*;Feb;10.1;79.3;5.4;185.9;25.4;31.4;21.2;
ORÁN AERO*;Mar;10.7;82.8;5.7;157.8;23.9;29.4;20.3;
ORÁN AERO*;Abr;7.8;84.3;5.7;59.5;21.3;26.5;17.9;
ORÁN AERO*;May;3.8;83.6;5.6;22.6;18.1;23.4;14.5;
ORÁN AERO*;Jun;1.4;81.0;5.0;7.1;15.6;21.6;11.3;
ORÁN AERO*;Jul;1.0;73.8;4.0;3.0;14.9;22.4;9.6;
ORÁN AERO*;Ago;0.7;63.3;3.2;3.5;17.6;26.2;11.1;
ORÁN AERO*;Sep;1.7;55.7;3.7;16.3;21.0;29.4;14.2;
ORÁN AERO*;Oct;5.0;61.1;4.8;58.9;24.5;31.8;18.4;
ORÁN AERO*;Nov;6.9;66.7;5.0;97.3;25.5;32.4;19.7;
ORÁN AERO*;Dic;9.4;71.5;5.1;157.3;26.4;33.2;21.2;
PARANÁ AERO;Ene;6.7;66.3;3.0;112.2;25.0;31.2;19.4;11.9
PARANÁ AERO;Feb;6.9;71.5;3.2;128.3;23.6;29.7;18.6;11.2
PARANÁ AERO;Mar;6.4;73.9;3.0;147.6;21.8;27.9;16.9;9.8
PARANÁ AERO;Abr;7.2;77.1;3.4;136.6;18.3;24.0;13.8;10.1
PARANÁ AERO;May;4.5;79.5;3.9;63.5;15.0;20.3;11.0;10.4
PARANÁ AERO;Jun;3.1;79.6;4.0;36.7;12.2;17.3;8.3;10.9
PARANÁ AERO;Jul;2.9;75.4;3.6;30.8;11.4;16.9;7.2;11.4
PARANÁ AERO;Ago;3.2;70.2;3.2;38.4;13.3;19.6;8.4;13.1
PARANÁ AERO;Sep;4.6;67.7;3.3;54.0;15.5;21.8;10.2;13.8
PARANÁ AERO;Oct;7.3;69.5;3.6;131.1;18.6;24.6;13.3;14.7
PARANÁ AERO;Nov;6.7;65.3;3.1;123.6;21.5;27.6;15.7;13.5
PARANÁ AERO;Dic;7.4;64.9;3.1;152.0;23.8;29.8;18.0;12.5
PASO DE LOS LIBRES AERO;Ene;6.9;69.7;3.7;143.9;26.0;32.2;20.6;16.5
PASO DE LOS LIBRES AERO;Feb;7.0;72.5;3.7;144.4;25.1;31.1;20.0;15.8
PASO DE LOS LIBRES AERO;Mar;6.7;74.6;3.5;148.9;23.4;29.5;18.4;15.5
PASO DE LOS LIBRES AERO;Abr;7.4;77.5;3.6;180.4;20.1;26.0;15.4;14.9
PASO DE LOS LIBRES AERO;May;7.1;81.5;4.0;125.4;16.4;21.8;12.1;14.7
PASO DE LOS LIBRES AERO;Jun;6.0;82.6;4.3;88.9;14.2;19.6;10.1;14.5
PASO DE LOS LIBRES AERO;Jul;5.4;79.7;4.0;68.2;13.4;19.0;9.0;15.4
PASO DE LOS LIBRES AERO;Ago;4.6;74.9;3.7;57.0;15.4;21.8;10.3;17.9
PASO DE LOS LIBRES AERO;Sep;6.3;73.2;4.0;91.7;17.2;23.2;12.2;19.3
PASO DE LOS LIBRES AERO;Oct;8.8;73.5;4.0;173.0;20.2;25.8;15.2;19.7
PASO DE LOS LIBRES AERO;Nov;6.5;68.4;3.4;134.2;22.6;28.6;16.9;17.7
PASO DE LOS LIBRES AERO;Dic;7.4;68.1;3.6;161.7;24.9;31.0;19.2;15.9
PEHUAJÓ AERO;Ene;7.5;68.0;3.4;116.0;23.0;29.8;16.2;
PEHUAJÓ AERO;Feb;6.3;73.0;3.3;91.3;21.6;28.5;15.1;
PEHUAJÓ AERO;Mar;7.2;75.8;3.3;128.6;19.4;26.5;13.3;
PEHUAJÓ AERO;Abr;6.4;77.7;3.6;91.2;15.5;22.3;10.0;
PEHUAJÓ AERO;May;4.3;81.0;4.1;55.3;11.9;18.2;7.1;
PEHUAJÓ AERO;Jun;3.4;80.4;4.2;25.1;8.8;14.9;4.0;
PEHUAJÓ AERO;Jul;3.3;78.5;4.2;23.8;7.8;14.2;3.0;
PEHUAJÓ AERO;Ago;3.2;73.8;3.8;32.0;9.9;17.0;4.3;
PEHUAJÓ AERO;Sep;4.7;70.8;3.8;57.3;12.5;19.3;6.5;
PEHUAJÓ AERO;Oct;8.1;72.9;4.1;109.0;15.7;22.1;9.9;
PEHUAJÓ AERO;Nov;6.9;68.5;3.6;102.1;19.0;25.8;12.7;
PEHUAJÓ AERO;Dic;7.3;65.6;3.3;109.0;21.9;28.8;14.9;
PERITO MORENO AERO;Ene;;47.6;3.8;;15.4;21.5;9.5;35.4
PERITO MORENO AERO;Feb;;50.7;3.9;;15.0;21.3;9.0;30.0
PERITO MORENO AERO;Mar;;56.8;3.8;;12.2;18.2;6.8;26.8
PERITO MORENO AERO;Abr;;64.4;3.8;;8.6;14.4;3.6;23.8
PERITO MORENO AERO;May;;73.4;4.4;;5.1;9.9;0.6;19.9
PERITO MORENO AERO;Jun;;76.8;4.3;;2.3;;-2.2;21.6
PERITO MORENO AERO;Jul;;;4.2;;1.7;6.4;-2.8;20.0
PERITO MORENO AERO;Ago;;70.4;4.0;;3.6;8.8;-0.9;22.4
PERITO MORENO AERO;Sep;;63.0;4.0;;6.1;11.7;0.9;24.4
PERITO MORENO AERO;Oct;;53.5;3.9;;9.2;15.0;3.4;28.1
PERITO MORENO AERO;Nov;;50.5;4.1;;11.8;17.6;6.1;34.1
PERITO MORENO AERO;Dic;;47.1;4.2;;14.1;19.6;8.2;36.5
PIGÜÉ AERO;Ene;6.9;60.3;3.5;81.2;21.5;28.9;14.3;
PIGÜÉ AERO;Feb;6.0;65.0;3.4;101.2;20.2;27.6;13.3;
PIGÜÉ AERO;Mar;6.5;71.2;3.5;95.8;17.9;24.8;11.6;
PIGÜÉ AERO;Abr;5.0;73.5;3.8;72.3;13.5;20.1;8.0;
PIGÜÉ AERO;May;4.3;78.9;4.6;43.1;9.9;15.8;5.1;
PIGÜÉ AERO;Jun;3.3;77.8;4.7;24.5;7.0;12.7;2.1;
PIGÜÉ AERO;Jul;3.6;76.1;4.6;31.5;6.1;11.8;1.2;
PIGÜÉ AERO;Ago;3.7;70.0;4.3;34.4;8.1;14.6;2.6;
PIGÜÉ AERO;Sep;5.4;68.4;4.2;59.7;10.4;17.0;4.3;
PIGÜÉ AERO;Oct;7.4;68.3;4.2;94.0;13.5;19.9;7.3;
PIGÜÉ AERO;Nov;7.3;62.9;3.8;93.4;17.0;24.0;10.0;
PIGÜÉ AERO;Dic;6.8;57.1;3.6;87.3;20.3;27.8;12.7;
PILAR OBSERVATORIO;Ene;7.9;69.7;3.4;112.5;23.7;30.1;18.0;
PILAR OBSERVATORIO;Feb;7.5;75.5;3.5;112.1;22.1;28.3;17.0;
PILAR OBSERVATORIO;Mar;6.9;76.5;3.4;97.5;20.6;27.0;15.5;
PILAR OBSERVATORIO;Abr;5.2;74.8;3.7;64.9;17.3;24.0;12.3;
PILAR OBSERVATORIO;May;2.9;76.0;4.2;23.9;13.7;20.2;8.9;
PILAR OBSERVATORIO;Jun;1.1;73.1;3.7;7.0;10.6;17.6;5.3;
PILAR OBSERVATORIO;Jul;1.0;67.2;3.4;6.1;9.6;17.1;4.2;
PILAR OBSERVATORIO;Ago;0.9;59.5;3.0;8.1;12.0;20.2;5.7;
PILAR OBSERVATORIO;Sep;2.8;57.9;3.2;28.1;14.9;22.6;8.4;
PILAR OBSERVATORIO;Oct;5.5;62.7;3.6;76.3;18.2;25.1;12.1;
PILAR OBSERVATORIO;Nov;7.9;62.1;3.4;98.9;21.1;28.0;14.8;
PILAR OBSERVATORIO;Dic;8.2;63.7;3.4;118.4;23.3;30.0;17.1;
POSADAS AERO;Ene;8.1;68.1;3.4;168.7;27.2;33.0;22.1;9.8
POSADAS AERO;Feb;7.8;70.4;3.6;136.9;26.5;32.4;21.7;9.7
POSADAS AERO;Mar;7.8;71.9;3.3;171.0;25.1;31.0;20.4;9.3
POSADAS AERO;Abr;7.6;74.4;3.3;179.0;22.3;28.0;17.7;9.0
POSADAS AERO;May;7.5;77.3;3.7;138.4;18.6;23.9;14.4;9.1
POSADAS AERO;Jun;6.6;77.5;4.0;128.6;17.1;22.2;13.1;9.8
POSADAS AERO;Jul;6.7;73.9;3.5;94.1;16.3;22.0;11.8;10.0
POSADAS AERO;Ago;5.6;68.3;3.4;87.1;18.2;24.5;13.3;11.5
POSADAS AERO;Sep;8.1;67.9;3.6;132.8;20.0;25.9;15.0;11.4
POSADAS AERO;Oct;10.4;69.6;3.8;253.4;22.6;28.5;17.6;12.2
POSADAS AERO;Nov;8.0;65.4;3.2;178.8;24.4;30.4;18.9;11.2
POSADAS AERO;Dic;8.1;66.3;3.4;204.4;26.5;32.3;21.1;10.4
PRESIDENCIA ROQUE SAENZ PEÑA AERO*;Ene;7.6;71.1;3.6;164.3;27.1;33.8;;
PRESIDENCIA ROQUE SAENZ PEÑA AERO*;Feb;6.5;73.3;3.6;115.8;26.3;33.0;;
PRESIDENCIA ROQUE SAENZ PEÑA AERO*;Mar;7.3;77.1;3.5;137.0;24.4;31.3;;
PRESIDENCIA ROQUE SAENZ PEÑA AERO*;Abr;6.6;81.1;3.9;117.6;21.1;27.7;;
PRESIDENCIA ROQUE SAENZ PEÑA AERO*;May;4.6;81.3;4.0;48.8;17.0;23.8;;
PRESIDENCIA ROQUE SAENZ PEÑA AERO*;Jun;3.0;80.7;4.5;23.4;15.4;22.1;;
PRESIDENCIA ROQUE SAENZ PEÑA AERO*;Jul;2.0;73.8;3.6;12.8;14.3;22.3;;
PRESIDENCIA ROQUE SAENZ PEÑA AERO*;Ago;2.5;64.8;2.8;24.8;17.0;25.7;;
PRESIDENCIA ROQUE SAENZ PEÑA AERO*;Sep;3.4;62.5;3.3;31.2;19.7;27.8;;
PRESIDENCIA ROQUE SAENZ PEÑA AERO*;Oct;7.1;67.3;3.7;98.3;23.0;30.0;;
PRESIDENCIA ROQUE SAENZ PEÑA AERO*;Nov;6.9;68.5;3.3;125.3;24.3;31.4;;
PRESIDENCIA ROQUE SAENZ PEÑA AERO*;Dic;7.0;69.4;3.5;133.6;26.2;33.0;;
PUERTO DESEADO AERO;Ene;;54.7;4.3;;16.4;23.4;10.5;
PUERTO DESEADO AERO;Feb;;59.5;4.3;;15.6;22.3;10.2;
PUERTO DESEADO AERO;Mar;;62.9;4.0;;13.8;20.2;8.6;
PUERTO DESEADO AERO;Abr;;65.0;3.8;;10.5;16.2;5.8;
PUERTO DESEADO AERO;May;;70.5;4.1;;7.2;11.7;3.2;
PUERTO DESEADO AERO;Jun;;75.1;4.2;;4.3;8.0;0.8;
PUERTO DESEADO AERO;Jul;;74.6;4.1;;3.5;7.6;0.1;
PUERTO DESEADO AERO;Ago;;69.6;4.2;;5.2;10.2;1.2;
PUERTO DESEADO AERO;Sep;;66.4;4.2;;7.3;13.1;2.6;
PUERTO DESEADO AERO;Oct;;60.4;4.4;;10.3;16.6;5.0;
PUERTO DESEADO AERO;Nov;;55.5;4.6;;13.1;19.7;7.3;
PUERTO DESEADO AERO;Dic;;55.6;4.6;;15.1;21.6;9.4;
PUNTA INDIO B.A.;Ene;6.0;76.4;3.6;97.4;23.0;27.9;18.3;
PUNTA INDIO B.A.;Feb;7.0;79.6;3.5;116.1;22.2;27.0;17.6;
PUNTA INDIO B.A.;Mar;6.6;81.7;3.4;94.8;20.4;25.2;16.0;
PUNTA INDIO B.A.;Abr;6.9;84.3;3.7;93.8;16.7;21.7;12.4;
PUNTA INDIO B.A.;May;5.7;86.6;4.2;67.5;13.2;18.0;9.3;
PUNTA INDIO B.A.;Jun;5.3;86.8;4.3;69.3;10.2;14.8;6.3;
PUNTA INDIO B.A.;Jul;6.1;86.3;4.3;82.5;9.2;13.7;5.4;
PUNTA INDIO B.A.;Ago;5.9;84.3;4.1;68.9;10.8;15.8;6.6;
PUNTA INDIO B.A.;Sep;6.5;82.6;4.1;77.2;12.8;17.5;8.5;
PUNTA INDIO B.A.;Oct;7.4;81.6;4.3;95.9;15.9;20.5;11.5;
PUNTA INDIO B.A.;Nov;6.7;78.4;3.8;94.8;18.7;23.5;14.0;
PUNTA INDIO B.A.;Dic;6.4;75.3;3.6;82.3;21.4;26.6;16.5;
RECONQUISTA AERO;Ene;6.8;70.1;3.3;150.9;26.4;32.4;21.0;12.3
RECONQUISTA AERO;Feb;7.0;74.1;3.4;150.9;25.3;31.2;20.4;11.6
RECONQUISTA AERO;Mar;6.5;76.5;3.3;138.4;23.6;29.4;18.8;10.8
RECONQUISTA AERO;Abr;7.1;79.3;3.6;141.5;20.4;26.0;15.8;10.4
RECONQUISTA AERO;May;4.7;80.8;4.0;75.0;16.9;22.2;12.6;10.8
RECONQUISTA AERO;Jun;3.0;81.3;4.3;34.8;14.4;19.9;10.1;11.0
RECONQUISTA AERO;Jul;2.4;76.4;3.7;24.1;13.5;19.7;8.7;12.2
RECONQUISTA AERO;Ago;2.7;70.3;3.3;36.2;15.6;22.7;10.0;15.1
RECONQUISTA AERO;Sep;4.6;69.1;3.5;45.5;17.7;24.4;12.1;15.4
RECONQUISTA AERO;Oct;7.6;71.6;3.8;108.9;20.8;26.8;15.4;15.9
RECONQUISTA AERO;Nov;7.7;69.0;3.1;156.8;23.0;29.0;17.4;14.4
RECONQUISTA AERO;Dic;7.6;69.9;3.2;162.8;25.2;31.1;19.7;12.5
RESISTENCIA AERO;Ene;7.3;71.5;3.7;179.9;26.9;33.4;21.2;
RESISTENCIA AERO;Feb;7.3;74.1;3.7;156.8;26.1;32.3;20.8;
RESISTENCIA AERO;Mar;6.9;76.7;3.6;161.0;24.5;30.7;19.4;
RESISTENCIA AERO;Abr;6.7;80.0;3.8;165.1;21.4;27.4;16.4;
RESISTENCIA AERO;May;5.2;82.2;4.0;86.7;17.7;23.7;12.8;
RESISTENCIA AERO;Jun;4.0;81.9;4.4;59.9;15.8;21.7;11.1;
RESISTENCIA AERO;Jul;2.7;76.6;3.8;24.4;14.8;21.6;9.4;
RESISTENCIA AERO;Ago;2.9;70.5;3.4;35.3;16.9;24.4;10.7;
RESISTENCIA AERO;Sep;4.9;68.8;3.7;53.6;19.2;26.2;12.9;
RESISTENCIA AERO;Oct;7.8;71.9;4.0;138.2;22.2;28.5;16.5;
RESISTENCIA AERO;Nov;8.0;71.2;3.4;175.5;23.8;30.1;17.7;
RESISTENCIA AERO;Dic;7.8;71.4;3.7;156.7;26.0;32.2;20.1;
ROSARIO AERO;Ene;6.4;67.8;3.2;120.7;24.8;30.9;18.7;12.4
ROSARIO AERO;Feb;6.6;72.8;3.3;127.4;23.4;29.4;17.7;11.4
ROSARIO AERO;Mar;6.3;75.4;3.1;138.4;21.5;27.7;16.0;10.5
ROSARIO AERO;Abr;6.9;78.1;3.6;119.9;17.7;23.9;12.4;10.7
ROSARIO AERO;May;4.2;81.0;4.0;57.7;14.2;20.1;9.4;10.7
ROSARIO AERO;Jun;2.7;80.9;4.2;28.3;11.0;17.0;6.2;10.6
ROSARIO AERO;Jul;2.6;77.9;3.9;23.0;10.1;16.5;4.9;11.6
ROSARIO AERO;Ago;2.8;72.6;3.5;35.3;12.3;19.2;6.3;12.8
ROSARIO AERO;Sep;4.1;68.5;3.6;48.0;15.0;21.5;8.7;14.4
ROSARIO AERO;Oct;7.9;69.3;3.9;118.7;18.2;24.3;12.3;15.3
ROSARIO AERO;Nov;6.7;65.6;3.4;108.2;21.3;27.5;15.0;14.6
ROSARIO AERO;Dic;7.7;65.5;3.3;127.9;23.6;29.8;17.3;12.7
RÍO CUARTO AERO;Ene;8.4;66.7;3.3;135.4;23.0;29.1;17.6;18.0
RÍO CUARTO AERO;Feb;7.0;71.3;3.4;104.7;21.7;27.7;16.5;15.7
RÍO CUARTO AERO;Mar;6.8;72.8;3.2;102.0;20.0;26.3;15.1;15.8
RÍO CUARTO AERO;Abr;5.9;71.5;3.6;67.0;16.5;22.9;11.6;15.4
RÍO CUARTO AERO;May;3.4;73.3;4.0;29.2;12.8;19.1;8.2;14.9
RÍO CUARTO AERO;Jun;1.6;69.9;3.7;7.7;9.7;16.3;4.8;14.4
RÍO CUARTO AERO;Jul;1.8;64.8;3.5;9.0;8.8;15.7;3.8;16.0
RÍO CUARTO AERO;Ago;1.5;57.6;3.1;10.9;11.2;18.6;5.5;18.5
RÍO CUARTO AERO;Sep;3.9;56.5;3.3;35.0;14.0;21.1;8.1;20.5
RÍO CUARTO AERO;Oct;7.6;60.8;3.7;81.0;17.2;23.9;11.5;21.5
RÍO CUARTO AERO;Nov;8.7;59.4;3.6;127.0;20.3;26.8;14.3;21.7
RÍO CUARTO AERO;Dic;8.8;60.4;3.3;129.6;22.5;29.0;16.6;20.4
RÍO GALLEGOS AERO;Ene;5.6;51.9;5.4;26.9;13.6;20.0;7.4;26.2
RÍO GALLEGOS AERO;Feb;4.9;56.3;5.1;29.5;13.0;19.5;6.9;23.5
RÍO GALLEGOS AERO;Mar;5.6;62.4;4.9;28.6;10.8;17.1;5.4;21.6
RÍO GALLEGOS AERO;Abr;4.9;68.6;4.7;24.6;7.6;13.4;2.7;20.5
RÍO GALLEGOS AERO;May;4.3;75.1;4.4;24.3;4.4;8.8;0.2;18.3
RÍO GALLEGOS AERO;Jun;4.5;79.0;4.3;20.9;1.6;5.2;-2.1;19.6
RÍO GALLEGOS AERO;Jul;4.7;77.7;4.4;19.8;1.5;5.1;-2.3;18.8
RÍO GALLEGOS AERO;Ago;3.8;73.4;4.5;18.7;3.1;7.5;-0.8;20.4
RÍO GALLEGOS AERO;Sep;3.3;66.1;4.7;14.6;5.6;11.3;0.8;21.0
RÍO GALLEGOS AERO;Oct;2.8;56.9;4.8;14.5;8.3;14.8;2.3;23.7
RÍO GALLEGOS AERO;Nov;4.0;52.6;5.2;22.0;10.9;17.1;4.5;27.8
RÍO GALLEGOS AERO;Dic;6.4;52.5;5.5;32.2;12.6;18.6;6.5;27.1
RÍO GRANDE B.A.;Ene;7.3;74.3;5.4;37.2;11.0;16.0;5.9;28.7
RÍO GRANDE B.A.;Feb;6.0;76.4;5.1;31.4;10.4;15.7;5.5;25.6
RÍO GRANDE B.A.;Mar;6.5;80.3;4.9;28.6;8.4;13.6;4.1;24.1
RÍO GRANDE B.A.;Abr;6.5;84.0;4.7;30.1;5.7;10.6;1.8;20.7
RÍO GRANDE B.A.;May;5.7;87.5;4.3;28.8;2.9;6.8;-0.5;18.4
RÍO GRANDE B.A.;Jun;5.3;89.1;4.0;26.0;0.3;3.4;-2.8;19.5
RÍO GRANDE B.A.;Jul;5.9;88.6;4.2;26.1;0.1;3.2;-3.0;18.6
RÍO GRANDE B.A.;Ago;5.1;86.3;4.3;21.8;1.6;5.4;-1.4;20.4
RÍO GRANDE B.A.;Sep;4.6;82.3;4.6;17.5;3.6;8.2;-0.1;22.0
RÍO GRANDE B.A.;Oct;3.7;76.5;4.8;16.0;6.2;11.4;1.6;26.8
RÍO GRANDE B.A.;Nov;4.7;73.5;5.2;23.6;8.5;13.4;3.5;29.9
RÍO GRANDE B.A.;Dic;7.8;73.4;5.4;38.4;10.0;14.9;4.9;28.6
SALTA AERO;Ene;12.4;77.2;5.8;197.1;21.5;27.7;16.8;6.8
SALTA AERO;Feb;11.2;80.6;5.8;147.3;20.6;26.5;16.1;6.4
SALTA AERO;Mar;10.1;82.9;5.8;107.3;19.4;25.1;15.2;6.1
SALTA AERO;Abr;4.4;82.3;5.4;42.1;16.8;22.9;12.2;6.0
SALTA AERO;May;1.7;80.5;5.0;9.7;13.3;20.3;8.1;5.8
SALTA AERO;Jun;0.5;75.6;4.2;2.5;10.9;19.8;4.5;6.1
SALTA AERO;Jul;0.8;69.3;3.4;2.7;10.1;19.9;2.9;6.5
SALTA AERO;Ago;0.7;60.4;2.9;2.3;12.8;22.7;4.8;6.9
SALTA AERO;Sep;1.2;55.8;3.3;5.7;15.8;24.7;7.7;7.9
SALTA AERO;Oct;3.3;60.6;4.4;23.9;19.3;26.9;12.1;9.0
SALTA AERO;Nov;6.6;66.1;4.8;59.3;20.6;27.6;14.2;8.6
SALTA AERO;Dic;10.1;71.5;5.3;138.4;21.7;28.4;16.0;7.6
SAN ANTONIO OESTE AERO;Ene;2.7;47.1;2.8;19.4;22.8;30.4;15.7;
SAN ANTONIO OESTE AERO;Feb;2.9;51.2;2.8;27.3;21.8;29.2;14.6;
SAN ANTONIO OESTE AERO;Mar;2.9;54.9;3.1;33.4;19.2;26.4;12.3;
SAN ANTONIO OESTE AERO;Abr;2.9;59.7;3.3;37.6;14.3;21.5;7.8;
SAN ANTONIO OESTE AERO;May;3.6;67.5;3.9;28.4;10.2;16.9;4.6;
SAN ANTONIO OESTE AERO;Jun;3.2;67.0;4.1;25.7;7.5;13.8;2.1;
SAN ANTONIO OESTE AERO;Jul;2.7;65.9;3.8;20.9;6.6;13.4;1.0;
SAN ANTONIO OESTE AERO;Ago;2.2;59.4;3.9;16.6;8.7;15.8;2.5;
SAN ANTONIO OESTE AERO;Sep;3.0;56.5;3.7;17.9;11.3;18.1;4.3;
SAN ANTONIO OESTE AERO;Oct;3.4;51.5;3.7;27.8;15.2;22.0;7.7;
SAN ANTONIO OESTE AERO;Nov;3.1;48.0;3.6;19.0;18.7;25.9;11.1;
SAN ANTONIO OESTE AERO;Dic;2.3;45.5;3.3;19.4;21.5;28.9;13.8;
SAN FERNANDO AERO*;Ene;6.9;66.0;3.0;114.4;24.6;29.5;19.3;12.8
SAN FERNANDO AERO*;Feb;6.5;70.7;3.2;122.6;23.5;28.2;18.7;11.8
SAN FERNANDO AERO*;Mar;6.0;73.6;3.0;119.2;21.5;26.2;16.7;10.6
SAN FERNANDO AERO*;Abr;6.5;76.9;3.4;106.2;17.8;22.7;13.1;9.8
SAN FERNANDO AERO*;May;5.2;80.3;3.8;81.3;14.2;18.9;9.8;9.0
SAN FERNANDO AERO*;Jun;4.2;79.7;3.9;52.5;11.2;16.2;6.9;9.2
SAN FERNANDO AERO*;Jul;4.9;78.3;4.0;68.6;10.6;15.4;6.2;9.8
SAN FERNANDO AERO*;Ago;5.3;74.4;3.8;70.7;12.5;17.7;7.8;11.0
SAN FERNANDO AERO*;Sep;5.6;71.2;3.7;78.6;14.5;19.3;9.6;12.9
SAN FERNANDO AERO*;Oct;7.4;70.9;3.8;111.8;17.6;22.1;12.8;13.3
SAN FERNANDO AERO*;Nov;6.8;66.6;3.3;113.7;20.6;25.4;15.3;13.3
SAN FERNANDO AERO*;Dic;6.6;64.6;2.9;104.3;23.0;28.3;17.5;12.6
SAN JUAN AERO;Ene;2.8;43.0;2.8;17.4;27.3;35.1;19.8;15.3
SAN JUAN AERO;Feb;2.2;46.9;2.7;22.5;25.6;33.3;18.4;14.6
SAN JUAN AERO;Mar;1.9;52.6;2.6;10.8;22.8;30.5;16.1;13.0
SAN JUAN AERO;Abr;0.9;57.3;2.6;4.6;17.3;25.3;10.9;11.5
SAN JUAN AERO;May;0.7;62.2;2.9;3.4;12.3;20.5;6.0;9.7
SAN JUAN AERO;Jun;0.3;60.2;2.6;1.8;8.4;17.3;1.5;9.8
SAN JUAN AERO;Jul;0.4;55.1;2.3;1.3;7.5;16.7;0.3;10.4
SAN JUAN AERO;Ago;0.4;45.5;2.1;2.6;10.7;20.3;2.7;11.7
SAN JUAN AERO;Sep;0.8;40.8;2.2;3.7;14.9;23.8;6.6;13.7
SAN JUAN AERO;Oct;0.8;38.8;2.4;2.9;19.6;27.9;11.3;16.4
SAN JUAN AERO;Nov;1.1;38.2;2.2;7.2;23.5;31.6;15.0;17.2
SAN JUAN AERO;Dic;1.6;38.1;2.3;12.4;26.4;34.4;18.0;16.6
SAN JULIÁN AERO;Ene;3.2;51.5;4.4;16.5;16.1;22.9;9.4;27.6
SAN JULIÁN AERO;Feb;4.1;56.7;4.1;25.7;15.3;22.3;8.9;25.4
SAN JULIÁN AERO;Mar;3.8;59.3;3.9;25.6;13.2;19.9;7.4;23.9
SAN JULIÁN AERO;Abr;3.1;62.5;3.8;16.1;10.0;16.1;4.9;24.0
SAN JULIÁN AERO;May;4.2;69.5;3.8;24.8;6.5;11.3;2.1;22.7
SAN JULIÁN AERO;Jun;4.6;74.5;3.8;30.6;3.6;7.5;-0.1;25.6
SAN JULIÁN AERO;Jul;4.0;74.4;3.8;25.6;3.3;7.4;-0.5;23.9
SAN JULIÁN AERO;Ago;3.7;69.6;3.9;18.7;4.8;10.0;0.6;25.6
SAN JULIÁN AERO;Sep;3.4;64.0;4.1;16.9;7.4;13.4;2.3;26.2
SAN JULIÁN AERO;Oct;3.5;57.0;4.1;17.6;10.2;16.7;4.2;26.7
SAN JULIÁN AERO;Nov;3.6;52.0;4.5;15.5;13.0;19.6;6.5;29.8
SAN JULIÁN AERO;Dic;4.4;52.5;4.7;24.6;14.7;21.4;8.3;29.2
SAN LUIS AERO;Ene;8.3;52.9;3.5;115.3;24.8;31.6;18.3;17.4
SAN LUIS AERO;Feb;7.0;58.1;3.3;112.5;23.2;30.0;17.2;15.9
SAN LUIS AERO;Mar;6.8;62.7;3.2;92.1;21.1;27.6;15.5;14.5
SAN LUIS AERO;Abr;4.4;64.9;3.5;44.8;16.9;23.3;11.8;13.6
SAN LUIS AERO;May;2.6;66.2;4.0;18.6;13.2;19.6;8.3;12.1
SAN LUIS AERO;Jun;1.2;62.0;3.7;5.4;10.3;17.1;5.0;13.4
SAN LUIS AERO;Jul;1.4;56.1;3.4;5.4;9.6;16.7;4.0;13.9
SAN LUIS AERO;Ago;1.6;47.6;3.1;8.6;12.2;19.5;6.2;15.6
SAN LUIS AERO;Sep;2.8;45.5;3.3;22.0;15.3;22.4;9.1;16.5
SAN LUIS AERO;Oct;5.0;47.8;3.5;50.1;18.9;25.6;12.5;18.4
SAN LUIS AERO;Nov;7.0;48.5;3.4;87.4;21.8;28.5;15.1;18.3
SAN LUIS AERO;Dic;8.3;49.7;3.3;104.9;24.0;30.8;17.3;17.7
SAN MARTÍN (MZA);Ene;5.3;53.5;2.7;48.0;25.2;32.9;18.3;
SAN MARTÍN (MZA);Feb;4.3;58.6;2.7;45.0;23.5;31.2;16.9;
SAN MARTÍN (MZA);Mar;3.3;63.8;2.7;47.1;20.9;28.5;15.0;
SAN MARTÍN (MZA);Abr;2.0;67.5;2.8;19.5;15.9;23.6;10.5;
SAN MARTÍN (MZA);May;1.6;69.8;3.3;10.9;11.7;19.2;6.6;
SAN MARTÍN (MZA);Jun;0.6;66.4;2.9;3.1;8.4;16.2;3.0;
SAN MARTÍN (MZA);Jul;0.6;61.3;2.5;3.1;7.6;15.8;1.9;
SAN MARTÍN (MZA);Ago;0.9;53.8;2.3;5.9;10.4;19.0;4.1;
SAN MARTÍN (MZA);Sep;1.4;50.9;2.5;8.4;14.0;22.2;7.3;
SAN MARTÍN (MZA);Oct;1.6;49.7;2.5;15.4;18.1;25.9;11.1;
SAN MARTÍN (MZA);Nov;2.8;48.8;2.4;26.6;21.7;29.4;14.4;
SAN MARTÍN (MZA);Dic;3.5;48.8;2.3;29.6;24.4;32.2;17.0;
SAN MIGUEL*;Ene;7.3;68.2;3.5;116.2;24.1;30.1;18.7;
SAN MIGUEL*;Feb;7.3;74.0;3.6;130.7;22.9;28.6;17.9;
SAN MIGUEL*;Mar;6.5;75.8;3.4;95.4;21.0;26.9;16.0;
SAN MIGUEL*;Abr;7.9;79.6;3.8;114.3;17.1;22.9;12.3;
SAN MIGUEL*;May;5.3;82.5;4.3;69.5;13.6;19.1;9.4;
SAN MIGUEL*;Jun;4.8;81.9;4.4;49.8;10.9;16.1;6.7;
SAN MIGUEL*;Jul;5.7;80.3;4.2;65.5;10.2;15.4;5.9;
SAN MIGUEL*;Ago;5.2;75.8;4.0;64.6;12.2;17.9;7.2;
SAN MIGUEL*;Sep;;73.4;4.1;;14.1;19.6;9.2;
SAN MIGUEL*;Oct;8.1;72.4;4.1;118.6;17.2;22.6;12.2;
SAN MIGUEL*;Nov;8.0;69.2;3.7;120.3;20.3;25.9;14.7;
SAN MIGUEL*;Dic;7.5;67.0;3.5;100.9;22.9;28.9;17.2;
SAN RAFAEL AERO;Ene;5.4;50.0;2.5;54.2;23.8;31.8;15.8;10.9
SAN RAFAEL AERO;Feb;5.1;56.1;2.6;50.6;22.0;30.2;14.7;10.1
SAN RAFAEL AERO;Mar;3.7;61.3;2.6;40.2;19.4;27.4;12.9;9.4
SAN RAFAEL AERO;Abr;3.3;65.7;2.9;26.6;14.6;22.6;8.6;8.6
SAN RAFAEL AERO;May;3.0;68.6;3.4;21.3;10.7;18.5;5.2;8.7
SAN RAFAEL AERO;Jun;1.3;63.2;3.1;7.2;7.7;16.1;1.9;10.1
SAN RAFAEL AERO;Jul;1.7;60.4;2.9;11.1;6.8;15.4;0.8;10.2
SAN RAFAEL AERO;Ago;2.3;53.8;2.7;14.5;9.1;18.0;2.3;11.2
SAN RAFAEL AERO;Sep;2.9;52.6;2.9;21.5;12.2;20.5;4.9;10.3
SAN RAFAEL AERO;Oct;3.9;51.3;3.0;38.3;16.0;23.9;8.2;10.4
SAN RAFAEL AERO;Nov;4.5;48.2;2.7;36.2;19.7;27.6;11.4;11.1
SAN RAFAEL AERO;Dic;4.9;46.6;2.4;41.2;22.6;30.7;14.2;11.1
SANTA ROSA AERO;Ene;7.0;57.1;3.1;95.3;23.8;31.5;16.5;16.8
SANTA ROSA AERO;Feb;5.9;62.9;3.0;88.3;22.2;29.9;15.2;15.0
SANTA ROSA AERO;Mar;5.9;68.4;3.1;99.0;19.7;27.3;13.4;15.1
SANTA ROSA AERO;Abr;4.6;70.7;3.6;63.8;15.2;22.7;9.5;13.5
SANTA ROSA AERO;May;3.1;75.8;4.3;32.1;11.3;18.2;6.1;12.3
SANTA ROSA AERO;Jun;2.4;73.6;4.3;17.3;8.1;15.1;3.0;11.8
SANTA ROSA AERO;Jul;2.6;70.2;4.2;18.8;7.4;14.5;2.1;12.9
SANTA ROSA AERO;Ago;2.3;62.7;3.8;26.9;9.6;17.6;3.5;14.4
SANTA ROSA AERO;Sep;4.1;60.0;3.8;49.7;12.5;20.3;5.9;15.9
SANTA ROSA AERO;Oct;6.2;62.1;3.9;90.2;15.8;23.0;9.2;16.1
SANTA ROSA AERO;Nov;5.7;56.5;3.4;75.9;19.6;27.1;12.4;16.6
SANTA ROSA AERO;Dic;6.7;53.3;3.2;96.1;22.7;30.3;15.2;16.4
SANTIAGO DEL ESTERO AERO;Ene;7.8;65.2;4.0;139.3;27.0;34.2;20.7;9.2
SANTIAGO DEL ESTERO AERO;Feb;7.0;68.9;4.1;106.5;25.8;32.7;20.0;8.6
SANTIAGO DEL ESTERO AERO;Mar;7.2;72.8;4.2;94.3;23.8;30.5;18.5;7.7
SANTIAGO DEL ESTERO AERO;Abr;5.0;75.3;4.4;39.9;20.1;26.7;14.9;7.7
SANTIAGO DEL ESTERO AERO;May;3.2;74.9;4.3;16.0;16.2;23.1;10.7;7.0
SANTIAGO DEL ESTERO AERO;Jun;2.0;72.7;4.2;9.3;12.9;20.4;7.1;6.8
SANTIAGO DEL ESTERO AERO;Jul;0.8;62.9;3.2;1.6;12.1;20.9;4.9;7.5
SANTIAGO DEL ESTERO AERO;Ago;0.5;52.2;2.6;3.5;15.4;24.8;7.2;8.8
SANTIAGO DEL ESTERO AERO;Sep;1.6;49.2;3.1;10.0;19.1;27.6;10.8;10.0
SANTIAGO DEL ESTERO AERO;Oct;4.8;54.7;3.8;55.2;22.8;30.6;15.6;10.6
SANTIAGO DEL ESTERO AERO;Nov;5.7;57.3;3.7;71.8;25.0;32.5;18.1;10.7
SANTIAGO DEL ESTERO AERO;Dic;7.6;61.3;3.9;105.0;26.7;34.1;20.2;10.0
SAUCE VIEJO AERO;Ene;6.3;68.5;2.9;98.7;25.7;31.5;20.1;12.3
SAUCE VIEJO AERO;Feb;6.8;72.9;3.1;117.5;24.4;30.0;19.1;11.4
SAUCE VIEJO AERO;Mar;6.4;75.0;2.9;138.4;22.6;28.5;17.6;10.8
SAUCE VIEJO AERO;Abr;7.0;78.5;3.3;127.9;18.9;24.6;14.0;11.0
SAUCE VIEJO AERO;May;4.0;80.7;3.7;52.1;15.5;21.0;11.0;11.7
SAUCE VIEJO AERO;Jun;2.6;80.7;3.9;33.3;12.4;18.0;7.9;11.8
SAUCE VIEJO AERO;Jul;2.5;77.4;3.5;25.4;11.5;17.5;6.7;13.0
SAUCE VIEJO AERO;Ago;3.0;72.0;3.0;32.2;13.8;20.3;8.3;14.4
SAUCE VIEJO AERO;Sep;4.4;69.1;3.2;49.4;16.3;22.5;10.6;14.1
SAUCE VIEJO AERO;Oct;7.1;70.2;3.5;114.8;19.4;25.2;14.0;14.6
SAUCE VIEJO AERO;Nov;7.1;67.4;3.0;143.0;22.2;28.0;16.5;13.9
SAUCE VIEJO AERO;Dic;7.7;67.2;3.0;143.1;24.4;30.2;18.7;12.5
TANDIL AERO;Ene;6.8;67.0;3.4;108.8;20.8;28.4;13.3;14.0
TANDIL AERO;Feb;5.9;72.8;3.4;98.5;19.6;26.9;12.7;12.5
TANDIL AERO;Mar;6.2;76.9;3.5;91.6;17.4;24.5;11.0;11.8
TANDIL AERO;Abr;5.6;78.3;3.6;93.5;13.5;20.5;7.4;11.7
TANDIL AERO;May;4.4;81.6;4.3;56.0;10.2;16.5;4.8;11.1
TANDIL AERO;Jun;3.9;80.5;4.4;48.6;7.2;13.3;2.0;11.9
TANDIL AERO;Jul;4.2;80.2;4.4;41.1;6.2;12.5;1.1;12.8
TANDIL AERO;Ago;3.9;75.9;4.2;57.5;8.2;15.0;2.4;14.3
TANDIL AERO;Sep;5.4;74.4;4.2;58.7;10.2;16.9;3.9;14.9
TANDIL AERO;Oct;7.0;73.8;4.2;85.9;13.3;19.9;6.8;15.2
TANDIL AERO;Nov;7.3;69.7;3.7;98.4;16.4;23.4;9.3;15.4
TANDIL AERO;Dic;6.1;64.6;3.3;74.0;19.5;27.0;11.6;15.2
TARTAGAL AERO;Ene;9.6;73.8;4.9;193.2;26.0;32.3;20.8;8.0
TARTAGAL AERO;Feb;9.8;78.4;5.0;197.8;24.9;31.0;20.3;7.5
TARTAGAL AERO;Mar;9.9;82.0;;164.5;23.5;29.0;19.5;6.6
TARTAGAL AERO;Abr;7.2;82.4;5.3;59.3;20.9;26.1;17.1;6.5
TARTAGAL AERO;May;4.4;81.8;5.3;24.4;17.7;23.0;13.6;6.3
TARTAGAL AERO;Jun;2.2;78.9;4.8;8.7;15.4;21.5;11.1;6.8
TARTAGAL AERO;Jul;1.2;69.5;3.8;4.0;14.8;22.1;9.3;7.3
TARTAGAL AERO;Ago;0.7;56.1;2.9;3.8;17.9;26.0;10.9;9.3
TARTAGAL AERO;Sep;1.7;50.6;3.5;17.9;21.1;28.9;14.1;10.1
TARTAGAL AERO;Oct;4.5;57.0;4.5;46.3;24.4;31.4;18.0;10.7
TARTAGAL AERO;Nov;7.3;63.5;4.7;112.2;25.2;31.9;19.1;9.8
TARTAGAL AERO;Dic;9.0;69.8;4.9;165.0;26.0;32.5;20.4;8.7
TINOGASTA;Ene;4.8;55.5;4.3;37.4;25.9;33.8;18.9;
TINOGASTA;Feb;4.2;58.2;4.0;27.0;24.7;32.5;17.6;
TINOGASTA;Mar;2.8;59.9;3.5;17.9;22.9;31.0;15.7;
TINOGASTA;Abr;0.9;61.1;2.9;6.2;18.8;27.2;10.5;
TINOGASTA;May;0.8;62.7;3.0;3.1;14.0;22.6;5.1;
TINOGASTA;Jun;0.4;57.8;2.9;2.5;11.0;20.3;1.4;
TINOGASTA;Jul;0.6;53.8;2.3;2.0;10.2;20.0;0.2;
TINOGASTA;Ago;0.3;46.0;2.0;1.2;13.7;23.6;2.7;
TINOGASTA;Sep;0.6;45.2;2.2;1.5;17.2;26.5;6.5;
TINOGASTA;Oct;0.8;46.3;2.5;4.9;21.5;30.2;11.4;
TINOGASTA;Nov;1.0;48.1;3.1;8.0;24.2;32.6;15.3;
TINOGASTA;Dic;2.7;49.5;3.6;21.3;26.2;34.2;18.0;
TRELEW AERO;Ene;2.2;42.1;3.3;11.9;21.6;29.3;13.7;21.3
TRELEW AERO;Feb;2.7;49.8;3.2;23.5;20.2;28.0;12.6;18.5
TRELEW AERO;Mar;3.1;52.9;3.4;21.0;17.9;25.4;10.8;16.2
TRELEW AERO;Abr;2.4;56.9;3.5;23.3;13.5;21.0;7.0;15.1
TRELEW AERO;May;3.7;65.0;4.0;22.6;9.5;16.1;3.6;14.3
TRELEW AERO;Jun;3.9;67.5;3.9;25.4;6.4;12.6;1.0;15.1
TRELEW AERO;Jul;3.2;66.3;3.8;17.4;5.9;12.4;0.3;14.8
TRELEW AERO;Ago;3.9;59.7;4.0;14.1;8.0;15.0;1.9;16.6
TRELEW AERO;Sep;3.4;56.0;3.9;14.7;10.4;17.6;3.7;17.0
TRELEW AERO;Oct;3.1;49.7;3.9;18.1;14.1;21.2;6.6;17.8
TRELEW AERO;Nov;2.5;44.4;3.8;12.9;17.4;24.8;9.6;19.8
TRELEW AERO;Dic;2.2;41.4;3.6;13.2;20.0;27.5;12.0;20.6
TRES ARROYOS;Ene;6.9;59.6;3.6;79.8;21.8;29.4;15.2;
TRES ARROYOS;Feb;6.7;66.6;3.7;106.5;20.5;27.9;14.6;
TRES ARROYOS;Mar;6.9;71.2;3.7;79.8;18.4;25.4;13.1;
TRES ARROYOS;Abr;6.5;73.3;4.1;73.2;14.2;20.9;9.4;
TRES ARROYOS;May;5.7;77.7;4.9;52.1;10.9;16.8;6.8;
TRES ARROYOS;Jun;4.9;76.5;4.9;44.0;8.1;13.5;4.0;
TRES ARROYOS;Jul;5.2;76.0;4.9;42.7;7.1;12.7;3.1;
TRES ARROYOS;Ago;4.8;71.1;4.7;46.3;8.9;15.2;4.3;
TRES ARROYOS;Sep;5.7;70.7;4.7;56.3;10.8;17.3;5.6;
TRES ARROYOS;Oct;7.3;69.8;4.5;82.1;13.8;20.3;8.3;
TRES ARROYOS;Nov;6.7;63.9;4.1;90.7;17.1;24.1;10.9;
TRES ARROYOS;Dic;7.0;58.1;3.8;78.5;20.3;28.0;13.6;
TUCUMÁN AERO;Ene;7.8;65.2;4.0;139.3;25.3;31.3;20.3;9.2
TUCUMÁN AERO;Feb;7.0;68.9;4.1;106.5;24.2;29.7;19.7;8.6
TUCUMÁN AERO;Mar;7.2;72.8;4.2;94.3;22.7;27.9;18.5;7.7
TUCUMÁN AERO;Abr;5.0;75.3;4.4;39.9;19.6;24.9;15.5;7.7
TUCUMÁN AERO;May;3.2;74.9;4.3;16.0;15.9;21.4;11.8;7.0
TUCUMÁN AERO;Jun;2.0;72.7;4.2;9.3;13.0;19.0;8.5;6.8
TUCUMÁN AERO;Jul;0.8;62.9;3.2;1.6;12.3;19.4;6.9;7.5
TUCUMÁN AERO;Ago;0.5;52.2;2.6;3.5;15.2;23.3;8.7;8.8
TUCUMÁN AERO;Sep;1.6;49.2;3.1;10.0;18.4;26.3;11.5;10.0
TUCUMÁN AERO;Oct;4.8;54.7;3.8;55.2;21.8;28.9;15.4;10.6
TUCUMÁN AERO;Nov;5.7;57.3;3.7;71.8;23.7;30.3;17.7;10.7
TUCUMÁN AERO;Dic;7.6;61.3;3.9;105.0;25.1;31.3;19.5;10.0
USHUAIA AERO*;Ene;8.6;71.1;5.9;45.1;9.5;13.6;;27.4
USHUAIA AERO*;Feb;7.5;73.0;5.6;34.6;9.4;13.6;;23.7
USHUAIA AERO*;Mar;7.9;74.2;5.5;38.3;8.4;12.2;;21.2
USHUAIA AERO*;Abr;9.2;77.1;5.3;47.0;6.2;9.4;;21.4
USHUAIA AERO*;May;7.8;78.5;4.8;35.3;4.3;6.9;;18.6
USHUAIA AERO*;Jun;9.3;81.0;5.0;42.5;2.5;4.5;;19.5
USHUAIA AERO*;Jul;8.1;79.5;5.0;35.8;2.3;4.6;0.2;20.0
USHUAIA AERO*;Ago;8.6;77.0;5.1;38.4;2.9;5.7;;20.0
USHUAIA AERO*;Sep;7.4;74.5;5.2;30.5;4.3;7.6;;22.0
USHUAIA AERO*;Oct;6.9;70.1;5.3;28.4;6.2;10.1;;24.9
USHUAIA AERO*;Nov;8.6;70.7;5.7;38.9;7.4;11.5;;27.3
USHUAIA AERO*;Dic;9.2;70.8;5.9;43.0;8.6;12.5;;26.0
VENADO TUERTO AERO;Ene;7.0;76.5;2.9;112.6;23.0;29.7;16.6;
VENADO TUERTO AERO;Feb;6.3;80.7;3.1;112.0;21.6;28.3;15.7;
VENADO TUERTO AERO;Mar;6.4;79.7;2.9;122.4;20.0;27.1;14.0;
VENADO TUERTO AERO;Abr;6.5;79.2;3.4;89.7;16.5;23.7;10.9;
VENADO TUERTO AERO;May;4.1;80.9;3.8;45.3;13.0;19.7;7.9;
VENADO TUERTO AERO;Jun;2.0;80.1;3.8;17.7;9.9;16.6;4.5;
VENADO TUERTO AERO;Jul;;77.6;3.7;;8.8;16.0;3.3;
VENADO TUERTO AERO;Ago;2.2;72.6;3.2;21.5;11.0;18.9;4.5;
VENADO TUERTO AERO;Sep;4.1;70.4;3.2;45.1;13.6;21.2;6.8;
VENADO TUERTO AERO;Oct;7.3;72.9;3.5;93.0;16.9;23.7;10.4;
VENADO TUERTO AERO;Nov;6.5;69.0;3.1;90.5;20.2;27.4;13.3;
VENADO TUERTO AERO;Dic;;70.3;2.9;;22.4;29.5;15.4;
VIEDMA AERO;Ene;3.2;51.0;2.8;30.8;22.1;29.7;14.7;
VIEDMA AERO;Feb;3.8;56.9;2.9;40.3;21.0;28.5;14.0;
VIEDMA AERO;Mar;4.5;62.8;3.1;53.0;18.6;25.9;12.1;
VIEDMA AERO;Abr;4.2;67.3;3.5;37.7;14.0;21.2;7.9;
VIEDMA AERO;May;4.1;73.8;4.2;31.8;10.3;16.7;4.9;
VIEDMA AERO;Jun;3.9;73.4;4.3;26.8;7.5;13.5;2.4;
VIEDMA AERO;Jul;4.0;71.6;4.1;29.7;6.7;13.1;1.4;
VIEDMA AERO;Ago;3.4;66.4;4.1;24.7;8.4;15.4;2.5;
VIEDMA AERO;Sep;3.8;64.1;3.9;24.3;10.6;17.7;4.0;
VIEDMA AERO;Oct;3.9;58.7;3.7;32.4;14.2;21.4;7.0;
VIEDMA AERO;Nov;3.9;52.9;3.5;28.4;17.8;25.1;10.3;
VIEDMA AERO;Dic;3.3;49.4;3.2;23.2;20.6;28.2;12.9;
VILLA DE MARÍA DEL RÍO SECO;Ene;7.8;73.1;3.8;114.3;24.5;31.8;;6.4
VILLA DE MARÍA DEL RÍO SECO;Feb;7.0;79.3;4.0;115.5;22.7;29.8;;4.9
VILLA DE MARÍA DEL RÍO SECO;Mar;7.2;81.2;3.9;116.6;21.0;28.1;;4.3
VILLA DE MARÍA DEL RÍO SECO;Abr;6.0;81.9;4.2;64.3;17.5;24.5;;4.0
VILLA DE MARÍA DEL RÍO SECO;May;3.0;81.1;4.4;24.5;13.9;21.3;;4.2
VILLA DE MARÍA DEL RÍO SECO;Jun;1.4;78.6;4.0;9.1;11.0;18.9;;4.4
VILLA DE MARÍA DEL RÍO SECO;Jul;1.3;73.9;3.3;8.0;9.9;18.7;;5.1
VILLA DE MARÍA DEL RÍO SECO;Ago;0.6;66.6;2.8;4.9;12.7;21.9;;6.2
VILLA DE MARÍA DEL RÍO SECO;Sep;2.2;65.1;3.1;20.8;15.8;24.3;;6.6
VILLA DE MARÍA DEL RÍO SECO;Oct;5.3;68.3;3.7;64.8;19.3;26.9;;7.6
VILLA DE MARÍA DEL RÍO SECO;Nov;7.1;69.0;3.5;89.8;21.9;29.4;;7.0
VILLA DE MARÍA DEL RÍO SECO;Dic;7.9;69.8;3.7;120.3;23.9;31.3;;6.5
VILLA DOLORES AERO;Ene;8.5;58.6;3.3;111.3;25.4;32.7;18.4;10.9
VILLA DOLORES AERO;Feb;8.0;64.9;3.4;108.3;23.8;31.0;17.4;9.8
VILLA DOLORES AERO;Mar;6.8;68.9;3.3;93.0;21.8;28.8;16.0;10.1
VILLA DOLORES AERO;Abr;4.9;71.4;3.6;49.8;17.8;24.8;12.7;9.3
VILLA DOLORES AERO;May;2.7;72.9;3.8;18.4;13.9;20.9;9.0;9.2
VILLA DOLORES AERO;Jun;1.4;69.8;3.4;6.7;10.7;18.4;5.6;9.6
VILLA DOLORES AERO;Jul;1.1;62.6;3.0;6.7;10.0;18.1;4.4;9.8
VILLA DOLORES AERO;Ago;1.0;51.5;2.7;4.7;13.0;21.6;6.5;11.3
VILLA DOLORES AERO;Sep;2.5;48.4;2.9;19.9;16.3;24.6;9.2;11.5
VILLA DOLORES AERO;Oct;4.3;50.8;3.2;41.9;20.1;27.9;12.8;11.3
VILLA DOLORES AERO;Nov;7.3;52.1;3.2;77.3;22.8;30.4;15.4;12.9
VILLA DOLORES AERO;Dic;8.5;55.3;3.2;102.7;24.7;32.2;17.4;13.1
VILLA REYNOLDS AERO;Ene;8.4;66.9;3.6;102.8;23.3;31.2;15.5;12.7
VILLA REYNOLDS AERO;Feb;7.7;72.1;3.6;89.8;21.6;29.8;14.3;11.0
VILLA REYNOLDS AERO;Mar;7.5;75.1;3.4;96.2;19.5;28.0;12.6;9.2
VILLA REYNOLDS AERO;Abr;5.7;75.9;3.7;68.9;15.3;24.0;8.7;9.2
VILLA REYNOLDS AERO;May;3.7;77.4;4.1;31.7;11.4;20.3;4.9;8.0
VILLA REYNOLDS AERO;Jun;1.8;75.0;3.8;9.8;8.0;17.7;1.0;7.8
VILLA REYNOLDS AERO;Jul;2.0;70.8;3.6;10.5;7.0;17.1;-0.3;8.6
VILLA REYNOLDS AERO;Ago;2.4;63.3;3.4;15.6;9.7;20.2;1.5;11.2
VILLA REYNOLDS AERO;Sep;4.0;60.9;3.6;35.4;13.1;22.6;4.6;12.6
VILLA REYNOLDS AERO;Oct;7.1;63.0;3.9;65.8;16.9;25.2;8.9;16.3
VILLA REYNOLDS AERO;Nov;8.8;62.0;3.8;92.4;20.0;28.1;11.9;15.1
VILLA REYNOLDS AERO;Dic;9.1;62.1;3.6;105.4;22.5;30.6;14.3;14.0
